"id","time","happy"
1,1,15.20283562954
1,2,9.31443221085135
1,3,7.72196795276018
1,4,5.08912367967951
1,5,3.57205103411774
1,6,1.48530731597693
2,1,14.4475474203174
2,2,11.4386096392736
2,3,9.68123105775383
2,4,11.5633789485167
2,5,10.44925147591
2,6,10.2413008508729
3,1,15.2153449507666
3,2,10.5461387147998
3,3,4.90272289955796
3,4,4.05492941770832
3,5,2.08744429281659
3,6,0.282761324155496
4,1,13.9145430411941
4,2,9.9452632926245
4,3,7.80112148627357
4,4,7.62647899367042
4,5,5.73687774646299
4,6,4.61495258198103
5,1,14.7561918013017
5,2,11.7438729655982
5,3,7.19018304340186
5,4,7.41779938742215
5,5,6.12349071689135
5,6,5.04965899199967
6,1,15.4262205724899
6,2,7.57509642590855
6,3,4.75186447243042
6,4,1.99278330807426
6,5,-1.8801552021395
6,6,-3.02464986049416
7,1,13.048509919768
7,2,10.2438281753291
7,3,9.08870301224024
7,4,10.1280895536034
7,5,8.6875020739134
7,6,8.32884166310536
8,1,15.6236067166745
8,2,11.0788227729513
8,3,9.20811446735735
8,4,6.54524935593861
8,5,4.58476546391758
8,6,4.93835551718054
9,1,13.1768662974393
9,2,8.13482954108061
9,3,3.62486670333074
9,4,-1.38494147369559
9,5,0.958742895398811
9,6,0.19789239095051
10,1,14.5097387045853
10,2,10.7113471958543
10,3,8.22417173313872
10,4,8.55483861816719
10,5,7.50443997651401
10,6,6.41965024699287
11,1,15.6945508934982
11,2,10.6323290018325
11,3,6.33843262433151
11,4,6.2071892415902
11,5,4.94410434043568
11,6,3.23486136575884
12,1,16.6989709688268
12,2,10.9358989829789
12,3,6.73415266097193
12,4,3.52559338862058
12,5,1.32041776945487
12,6,1.61009091597994
13,1,14.5959268381606
13,2,6.08583153942823
13,3,0.610786592750804
13,4,-2.95196734835702
13,5,-3.81136694388512
13,6,-5.0352881532376
14,1,13.8885197998671
14,2,11.0901856909672
14,3,9.15922098491389
14,4,5.3593640845427
14,5,6.01544815988862
14,6,6.46290449999739
15,1,14.2975947034509
15,2,8.30540604085575
15,3,6.57818650110205
15,4,4.94256423987609
15,5,3.14163540502629
15,6,3.37543712838913
16,1,15.4185937553037
16,2,13.2165542886879
16,3,9.18112470055341
16,4,10.8185259704296
16,5,10.6803069410249
16,6,11.6652751305192
17,1,14.8376345434855
17,2,8.18904269707935
17,3,0.783394932867424
17,4,-2.87482432760993
17,5,-2.50091927188709
17,6,-4.2715419303186
18,1,15.3783535019864
18,2,8.85780725967576
18,3,3.90760371220875
18,4,3.4220840163091
18,5,2.79707454560659
18,6,2.6764532306095
19,1,15.3085461145735
19,2,10.9073406509591
19,3,7.97493246851275
19,4,4.92096407922484
19,5,4.89896142136836
19,6,3.20361775897968
20,1,13.3762996177381
20,2,5.66325001640386
20,3,4.59395152287238
20,4,3.61937294097664
20,5,2.54706083178803
20,6,1.28851128190171
21,1,14.5659745044817
21,2,7.03139514769697
21,3,3.36459262158733
21,4,1.49623347702899
21,5,0.0500143905070438
21,6,-0.856454706780915
22,1,14.7906171195999
22,2,3.46087224927238
22,3,-2.7027327283636
22,4,-4.96225391937631
22,5,-7.53297806512848
22,6,-9.66510440841307
23,1,16.166875952147
23,2,10.5164476206825
23,3,9.77358146418151
23,4,10.4348905237143
23,5,7.7852908673315
23,6,7.10401525593335
24,1,16.4321677011358
24,2,11.8067610843908
24,3,8.31195624277202
24,4,5.1243419820184
24,5,5.17883992440795
24,6,3.9918931563143
25,1,14.9812890781871
25,2,7.16112349599208
25,3,3.79352370477056
25,4,2.00665197873569
25,5,-0.0318902414054561
25,6,-0.10941867047056
26,1,15.7204098670202
26,2,12.606578743593
26,3,10.234463315393
26,4,9.94909127648214
26,5,8.68480296839411
26,6,7.88617509395368
27,1,13.4671593889345
27,2,8.0632015333686
27,3,2.75952111999475
27,4,-1.52021559879467
27,5,-2.28967674029072
27,6,-4.47260406291237
28,1,15.0746239466187
28,2,14.9321361267848
28,3,12.155562806196
28,4,12.9648404963128
28,5,11.2459382074135
28,6,9.21203944414465
29,1,14.7509433777348
29,2,9.17957561214227
29,3,5.36883042663558
29,4,3.69180861529037
29,5,3.89388179884269
29,6,1.65133483478209
30,1,14.941985233692
30,2,10.5526307597795
30,3,6.28840689201287
30,4,5.65791558580061
30,5,4.44782274701875
30,6,4.88186265623903
31,1,14.7860761110413
31,2,11.2347764668589
31,3,10.620804696869
31,4,9.85171456139296
31,5,8.73552256625263
31,6,8.3306659422163
32,1,15.8902824991531
32,2,10.1996614636719
32,3,6.04944514434396
32,4,2.77401742934666
32,5,1.57104100728301
32,6,2.75802054414256
33,1,13.842496858669
33,2,9.23399596111618
33,3,7.66512563037733
33,4,5.4095522601763
33,5,4.92789513152894
33,6,5.36853152470647
34,1,13.5268568621779
34,2,8.41146431827517
34,3,4.72437273765055
34,4,4.25756875524031
34,5,0.922271991931068
34,6,0.17103040331516
35,1,13.0661131009503
35,2,8.56556986680577
35,3,4.84859564196819
35,4,4.77079328785019
35,5,5.98543847076529
35,6,3.34992578006119
36,1,14.6568068669193
36,2,11.3860846071945
36,3,9.80411890057506
36,4,8.70995569103481
36,5,7.11483980047139
36,6,5.35408718905711
37,1,13.7297712402239
37,2,8.61881036595904
37,3,2.84037681260871
37,4,-1.62257849393549
37,5,-1.61851043836789
37,6,-4.05889676187271
38,1,14.664397165283
38,2,8.24318117202879
38,3,4.75182019534758
38,4,0.320460114408377
38,5,-1.3731662950781
38,6,-2.1428695302703
39,1,14.0112029656656
39,2,10.4795387388508
39,3,8.76596688591564
39,4,7.17818484556489
39,5,4.77898985606119
39,6,5.86178313158667
40,1,15.4498848977661
40,2,8.10049109439755
40,3,5.06087259662918
40,4,1.73690122639998
40,5,-0.648697577987597
40,6,-2.06631404987928
41,1,15.5103416998924
41,2,7.73678406426468
41,3,2.67038208694727
41,4,-0.0302943553907462
41,5,-0.5795817266724
41,6,-1.78264628046431
42,1,16.9514592209689
42,2,11.7777934345108
42,3,7.82687181115538
42,4,3.99991895233377
42,5,4.83009825440813
42,6,5.48058432867497
43,1,13.0815655727161
43,2,4.56216144286713
43,3,0.430651725120273
43,4,-2.38385655821124
43,5,-4.11093781490102
43,6,-4.86518107370601
44,1,15.8322573885397
44,2,12.4880805768505
44,3,9.75501414371414
44,4,6.36932421425727
44,5,6.78937172753828
44,6,3.95812235447182
45,1,13.7525903910675
45,2,4.3375830872527
45,3,0.642510516907389
45,4,0.6312595525227
45,5,-2.22669464185769
45,6,-2.54829082875848
46,1,13.7309178212503
46,2,8.01629976744232
46,3,5.34035003555335
46,4,2.19213634819635
46,5,1.40724721881603
46,6,0.749480366558357
47,1,16.0920249505655
47,2,7.52876659600803
47,3,2.740273999435
47,4,0.149211504388183
47,5,-1.7071259703496
47,6,-2.79588326780541
48,1,13.2004933730586
48,2,7.64089661795696
48,3,2.14806516933616
48,4,-0.6617526292553
48,5,-2.25665618862202
48,6,-3.57938887149041
49,1,16.2585675084379
49,2,15.94329509295
49,3,14.1384405603588
49,4,13.6780766098534
49,5,12.7736907411696
49,6,13.5777984535928
50,1,15.1235830338708
50,2,8.99269987622013
50,3,7.05367695082528
50,4,5.67852964808501
50,5,3.11501882793392
50,6,2.04438916908124
51,1,15.3838403774629
51,2,9.11365858012743
51,3,3.98541539649348
51,4,1.38373496645692
51,5,0.19517975730065
51,6,-0.431190834497665
52,1,16.4326448115328
52,2,13.5849384440998
52,3,11.5309354165503
52,4,8.54368181164265
52,5,6.24580769317549
52,6,5.14989142542815
53,1,14.3588361728942
53,2,10.7668922072779
53,3,9.17238095972187
53,4,6.99539226460946
53,5,6.11881227330189
53,6,6.29568281277245
54,1,16.4549951426469
54,2,8.12593550245688
54,3,3.9305761007691
54,4,-0.327957978530634
54,5,-1.89746566827287
54,6,-5.62986121756314
55,1,15.2634444190561
55,2,8.07024223081236
55,3,5.35920806042942
55,4,3.06717997203769
55,5,3.48128447149145
55,6,3.74758569530234
56,1,14.8979088810487
56,2,7.48916949985715
56,3,4.29200501585736
56,4,2.1439508654857
56,5,0.525633752853345
56,6,-0.186462507526886
57,1,15.4677879420866
57,2,9.35437885380928
57,3,6.93403802649214
57,4,4.83894908740303
57,5,2.9100713165764
57,6,2.09239072381182
58,1,15.0081624180978
58,2,7.35604097663005
58,3,3.96335650270582
58,4,1.29894448521219
58,5,-0.365938911241412
58,6,-1.09120689971526
59,1,13.9245470301105
59,2,9.4569838531335
59,3,9.52352016667694
59,4,7.69046116487078
59,5,6.29330788151342
59,6,5.90475038704703
60,1,14.9530077444556
60,2,11.4433385839115
60,3,9.83795687874763
60,4,7.3799168724573
60,5,5.9888889352645
60,6,7.58075466668561
61,1,14.7377411585647
61,2,8.53956023924902
61,3,2.40074393449447
61,4,-0.987292289889538
61,5,-0.996636668755634
61,6,-2.69101988184007
62,1,15.1194784386136
62,2,10.7025039349229
62,3,8.12381037069063
62,4,8.05750077989208
62,5,6.73651668838693
62,6,7.0458339699615
63,1,16.3190489379386
63,2,11.412416791364
63,3,8.42156111622803
63,4,9.99605465725596
63,5,8.19559749596752
63,6,6.73738616035237
64,1,15.0867208506221
64,2,8.0529133705856
64,3,5.92806959639647
64,4,1.88347819971373
64,5,1.07374684440497
64,6,-0.182785276293388
65,1,14.294096073157
65,2,7.77122340379983
65,3,6.17655036396733
65,4,5.41254905806915
65,5,5.41824411305364
65,6,4.13677213933798
66,1,15.0069669478553
66,2,8.8066576010134
66,3,3.06450572036141
66,4,2.8958900690551
66,5,2.04352518862664
66,6,1.74438311078152
67,1,13.2394436386085
67,2,11.0144581575104
67,3,9.65627660683944
67,4,7.55425449645351
67,5,7.53188965856313
67,6,9.1122195871005
68,1,13.6174964609755
68,2,10.2791639164376
68,3,7.40062108112571
68,4,5.70897765831994
68,5,3.6365144173238
68,6,2.24503834095513
69,1,15.4973902601295
69,2,10.2765739713772
69,3,7.55658993399764
69,4,9.32205118174466
69,5,9.42869608936029
69,6,8.05860678363434
70,1,12.8325790860654
70,2,8.07876708197903
70,3,4.10671267991994
70,4,1.9807327033409
70,5,-0.0975199622967053
70,6,-1.37323799837338
71,1,14.6763691631008
71,2,14.503566096292
71,3,11.8077991650375
71,4,9.31218256138778
71,5,7.90834583270823
71,6,5.63715742361141
72,1,15.8086516589598
72,2,7.67192598288431
72,3,2.77289628263176
72,4,1.44792372193691
72,5,-0.922864820315603
72,6,-2.63683789901511
73,1,15.2853787194438
73,2,10.2601972041157
73,3,5.6336233671916
73,4,3.05174934596154
73,5,2.72049645929193
73,6,1.74892828611288
74,1,14.4904502945029
74,2,7.34606750744301
74,3,3.55871205367512
74,4,1.32265621986711
74,5,-0.556919983046758
74,6,-1.64040841717835
75,1,14.36296954748
75,2,8.17850967119571
75,3,5.56592969769218
75,4,2.55766802288155
75,5,2.78934475371926
75,6,1.89992327794056
76,1,15.5608865598057
76,2,4.58730060503416
76,3,0.544698357515256
76,4,-2.52698791176152
76,5,-3.27806915452449
76,6,-4.60494581879941
77,1,13.5244133976035
77,2,5.79855301142521
77,3,3.29259001399784
77,4,2.23572279329876
77,5,0.304654370165078
77,6,-0.716490776224507
78,1,14.4925429966619
78,2,8.30665106370386
78,3,5.39258528084783
78,4,4.00151101891178
78,5,2.62907197781169
78,6,2.03624829306535
79,1,14.4495831431508
79,2,9.67970862258537
79,3,6.24288422168927
79,4,5.11407506239948
79,5,2.93587573552059
79,6,3.40844789610588
80,1,15.0486309506749
80,2,11.3171169276315
80,3,7.80074440583056
80,4,5.34558096238922
80,5,3.47863495497263
80,6,2.71636754649846
81,1,13.6229577999484
81,2,11.4320785292618
81,3,10.1201092075535
81,4,7.29947282031901
81,5,7.97069553319225
81,6,7.91586265945321
82,1,14.3568297665394
82,2,9.52779674473111
82,3,4.3282527779702
82,4,3.39845104400857
82,5,2.05527918085892
82,6,-0.430784720910234
83,1,15.8252315540842
83,2,12.4172999609175
83,3,10.2290447263524
83,4,7.17028100547601
83,5,5.07948071591117
83,6,3.92636970141211
84,1,16.2232283566321
84,2,13.6873134275801
84,3,12.3156875163427
84,4,12.0518131262592
84,5,9.53902835406809
84,6,9.50410198733717
85,1,16.6016620470207
85,2,11.2995104772983
85,3,9.55422321340402
85,4,7.13909650542579
85,5,7.22290465294864
85,6,6.62993014493147
86,1,14.2361222773957
86,2,11.7863568354589
86,3,8.37679829449031
86,4,6.42133822084978
86,5,6.09225683175161
86,6,5.7898923175355
87,1,15.8511337987646
87,2,10.7556944026766
87,3,6.16143254927874
87,4,4.86018350963232
87,5,3.60555122242972
87,6,2.25948297124149
88,1,16.5618179993449
88,2,8.92142805344757
88,3,5.61842182056505
88,4,3.23770855140572
88,5,0.496676076221255
88,6,1.71653415397062
89,1,14.0346268814271
89,2,7.87371654899574
89,3,4.60001295311929
89,4,2.43309554295356
89,5,2.19882188638798
89,6,-0.562450807484845
90,1,16.3573000874063
90,2,13.2295106081012
90,3,8.77581581389258
90,4,8.12606935230653
90,5,7.69083797916422
90,6,7.44870788561838
91,1,14.1591537715657
91,2,11.5477827677753
91,3,10.5073941776728
91,4,6.32940737341456
91,5,5.77011910930762
91,6,6.20999501078963
92,1,15.6060337808496
92,2,10.3662601472368
92,3,6.03231343643236
92,4,4.8198905260376
92,5,3.13582851507053
92,6,2.03423619436901
93,1,15.370062275882
93,2,7.01850019737651
93,3,2.1819931027316
93,4,-1.39030223875307
93,5,-3.75116868975273
93,6,-4.61197460470266
94,1,13.5289207228848
94,2,10.2639146115146
94,3,6.82399332758905
94,4,6.57136503651774
94,5,6.37342711773472
94,6,4.98559733130531
95,1,14.4222650662627
95,2,5.8427451745362
95,3,2.08488061957396
95,4,-1.74554136524445
95,5,-2.77227968613668
95,6,-4.26680063727735
96,1,14.2012799949599
96,2,7.85947089391496
96,3,4.75812644151247
96,4,3.05173066397715
96,5,2.74329594434884
96,6,1.70293417066434
97,1,14.9141343129702
97,2,8.63199696566084
97,3,4.51114174115802
97,4,3.29306108386085
97,5,3.06674316133646
97,6,1.49741268669151
98,1,14.259385776902
98,2,10.6545374812374
98,3,7.99838955061135
98,4,7.12008249931864
98,5,5.41613312839676
98,6,5.02851849360225
99,1,14.4562934507744
99,2,10.2452256535038
99,3,9.10018411267209
99,4,5.6216537551309
99,5,3.53799821241415
99,6,2.77948230590714
100,1,15.2013413463662
100,2,8.94173342295329
100,3,6.5427371878538
100,4,3.90207926709169
100,5,2.90021478361171
100,6,2.57725643752603
101,1,15.2557525985942
101,2,6.20671751707751
101,3,1.35568327347724
101,4,-2.33686667958501
101,5,-3.58681163767146
101,6,-4.75291239315
102,1,15.9306513622078
102,2,11.0995883492478
102,3,7.67551702403447
102,4,4.8749973162715
102,5,3.59011975395916
102,6,3.53435306141367
103,1,15.4978061025804
103,2,12.4074765768416
103,3,13.0349234416605
103,4,12.9067662761806
103,5,10.6865378960795
103,6,10.9108525801743
104,1,13.1183353798856
104,2,9.86075504194438
104,3,5.89400201809481
104,4,3.53252336746445
104,5,2.36352428549586
104,6,0.708824749876252
105,1,15.1237955890544
105,2,6.36764056022467
105,3,2.12101847766675
105,4,-0.644879050610503
105,5,-3.27864831255549
105,6,-3.2772046517838
106,1,14.5221682065248
106,2,8.45377776187232
106,3,5.59131778498473
106,4,5.47792197375653
106,5,5.01653478636574
106,6,4.70084763537961
107,1,15.2025495919834
107,2,10.8935829679052
107,3,8.91416280493371
107,4,5.69116804616849
107,5,5.0436412972978
107,6,5.1895129275291
108,1,14.4439620032447
108,2,8.88523922054455
108,3,5.49634403822423
108,4,2.94578346033914
108,5,1.50339175777179
108,6,1.33834156691031
109,1,14.0473191949422
109,2,6.91229182782009
109,3,3.58636069468546
109,4,0.837263214038924
109,5,0.0266536112052665
109,6,-0.786164439585967
110,1,13.1894807718819
110,2,8.64409675283611
110,3,5.95126833479146
110,4,2.98114064627911
110,5,3.88414638777842
110,6,3.6252917244624
111,1,16.0365301423237
111,2,4.62656110916305
111,3,-2.10365449745815
111,4,-7.4525394225626
111,5,-8.10624009474355
111,6,-9.45858942330213
112,1,14.2189729371927
112,2,8.57232653119907
112,3,2.83821588840031
112,4,1.23732266952492
112,5,1.01062592896941
112,6,0.16228897228784
113,1,14.5524608846599
113,2,7.48187582181258
113,3,4.50114314311772
113,4,2.6514669081699
113,5,1.42787759309994
113,6,1.03228331709177
114,1,16.1700049852546
114,2,7.08405142494483
114,3,1.34264003853058
114,4,-1.29239519175499
114,5,-3.18757980458355
114,6,-4.30928029499783
115,1,16.2339884008891
115,2,12.6982919323321
115,3,7.33763836291447
115,4,6.23183473361101
115,5,5.15612481868813
115,6,3.50388058168503
116,1,15.2652460392312
116,2,9.98909602176687
116,3,5.82441294199249
116,4,4.62783796491332
116,5,4.24676554641658
116,6,5.01219363138435
117,1,13.6153488441139
117,2,11.7655411335595
117,3,7.59565282729916
117,4,5.1693022642133
117,5,4.63384658017449
117,6,5.53721847374572
118,1,14.8426985341411
118,2,11.0568949416472
118,3,8.42299952683156
118,4,7.3698570196176
118,5,6.42473074756898
118,6,7.21831688104701
119,1,16.273859846413
119,2,13.1835240998633
119,3,9.91261967521334
119,4,7.07155641256904
119,5,5.1429147257405
119,6,5.01127027355838
120,1,14.4717968705755
120,2,9.28852723244045
120,3,5.89850501626528
120,4,3.4649388304943
120,5,2.96652933444739
120,6,3.8719094973217
121,1,14.6283178546607
121,2,8.21462363896728
121,3,3.73764134205829
121,4,-1.03988428387613
121,5,-2.62298171661526
121,6,-3.82820803795157
122,1,14.6771521392575
122,2,6.60622063902762
122,3,0.591452604945087
122,4,-2.0805916317366
122,5,-4.96988184567642
122,6,-4.30486403562901
123,1,15.0685261092414
123,2,3.55396677717972
123,3,-1.69654903526136
123,4,-2.4776610319682
123,5,-5.26058157991351
123,6,-6.05136597599051
124,1,15.1011006985827
124,2,8.11680816322422
124,3,4.94190822924054
124,4,2.77335070576227
124,5,0.655512443710442
124,6,-0.382199267780816
125,1,15.7769353409151
125,2,8.53998406346082
125,3,2.64949730618706
125,4,-0.764867673680696
125,5,-1.67943028517205
125,6,-0.701076984421553
126,1,15.0603884325977
126,2,9.1387956095889
126,3,4.65729647866531
126,4,0.91019434963993
126,5,1.00625431967709
126,6,0.508888159836159
127,1,16.1383943582251
127,2,9.55037658833077
127,3,4.75363861871224
127,4,0.620913614442832
127,5,-0.658185368204162
127,6,-2.55382168929405
128,1,15.9005465741737
128,2,11.6810219058822
128,3,8.14416299931693
128,4,6.17151350589081
128,5,5.34395020525432
128,6,4.96684577065045
129,1,12.8900945589534
129,2,11.9294756535437
129,3,9.75591985914462
129,4,8.6911672337865
129,5,7.27475307223598
129,6,7.17772662578422
130,1,16.1009399479646
130,2,7.30921282852331
130,3,1.86632389499689
130,4,-1.18024196295232
130,5,1.01012821515249
130,6,1.15170292402164
131,1,15.0373742549022
131,2,7.26628899987683
131,3,5.55739719156665
131,4,1.08190659747462
131,5,-0.501370031026883
131,6,-1.07319924650768
132,1,14.5278604637475
132,2,9.90883260056728
132,3,5.42104888996956
132,4,3.49542050050858
132,5,3.46840621314637
132,6,1.15940166960605
133,1,15.8090480562019
133,2,12.6912343651541
133,3,12.7914980333381
133,4,11.061962711369
133,5,9.9469973237738
133,6,9.58708958698747
134,1,15.4091624262391
134,2,9.46754151017504
134,3,6.43886018233081
134,4,3.49830475762886
134,5,4.59342145769226
134,6,2.19690799196194
135,1,14.2926200143498
135,2,3.80083746691958
135,3,-3.80653565498211
135,4,-5.80019042621586
135,5,-8.43170521422667
135,6,-11.8275518481702
136,1,17.0319652493432
136,2,9.42920875995129
136,3,3.82240412156508
136,4,-0.378996324503099
136,5,-1.29570119683405
136,6,-2.61976817220268
137,1,15.4527896094578
137,2,10.951420042128
137,3,7.75333132773249
137,4,5.49772121793481
137,5,3.42126429726649
137,6,4.42106491583544
138,1,15.5946913816877
138,2,7.9356860381389
138,3,4.34324015841795
138,4,0.447808010938177
138,5,-0.147189510037559
138,6,-1.17250657141258
139,1,15.2460341825977
139,2,6.13475085851785
139,3,-0.0590552240732312
139,4,-2.06907777947762
139,5,-2.59381515264517
139,6,-2.54183918119437
140,1,14.3357627767776
140,2,9.43651679879235
140,3,6.74963875637021
140,4,4.45191220833291
140,5,3.46439782062267
140,6,2.89142209209676
141,1,15.6984643222723
141,2,8.48121795054814
141,3,5.2551348377597
141,4,0.21533820288056
141,5,-1.99166023830459
141,6,-2.30217844527026
142,1,15.2095816241042
142,2,4.84334517636422
142,3,-0.157112755244701
142,4,-3.23490202145343
142,5,-6.55498586334762
142,6,-7.64265529412856
143,1,16.7661574793447
143,2,12.6664564158847
143,3,9.93936330882606
143,4,9.72707908649789
143,5,7.18726102195492
143,6,5.92685671756527
144,1,16.1251388231549
144,2,11.1253115416567
144,3,9.29084743604595
144,4,5.97485934086023
144,5,5.31172779984706
144,6,4.77500960484782
145,1,16.350272636154
145,2,4.86400193606325
145,3,-3.05451144491473
145,4,-6.02665974501678
145,5,-7.9122404800286
145,6,-9.66309530922093
146,1,14.7024553210062
146,2,9.34875150292036
146,3,8.15081811184998
146,4,5.59607724801228
146,5,2.10494641058256
146,6,0.614551669645416
147,1,14.4015062842117
147,2,12.5997343286637
147,3,10.2855282082218
147,4,11.0310424375769
147,5,8.64357231635913
147,6,6.65571076462303
148,1,15.9679741035004
148,2,7.66558126783184
148,3,4.98530861637284
148,4,0.958555963337398
148,5,-3.16187475898215
148,6,-1.039646550303
149,1,16.5988836019263
149,2,7.88569483822818
149,3,3.40419829196512
149,4,0.881755900316438
149,5,0.478859899347637
149,6,-1.22241383075535
150,1,13.6873564070431
150,2,11.917450645066
150,3,10.3127171418495
150,4,10.5276883141863
150,5,8.05501081596735
150,6,8.46137556947382
151,1,14.2000452441588
151,2,7.69293941622942
151,3,4.61747066027602
151,4,2.73148950233845
151,5,1.34790673947693
151,6,-0.679916485489044
152,1,13.8321986219936
152,2,9.87832596547373
152,3,7.00644011603022
152,4,6.7354213794443
152,5,3.47674108978214
152,6,2.51052439793744
153,1,14.7649918001588
153,2,7.79633074697632
153,3,2.74806910375626
153,4,1.51822607626448
153,5,-0.113313871139517
153,6,-0.49494492626827
154,1,15.9969680408576
154,2,8.66673768600747
154,3,5.27292482954234
154,4,2.63133505424575
154,5,1.97460051039853
154,6,1.0091101967315
155,1,16.3556836122607
155,2,8.9839725963038
155,3,5.26695170950988
155,4,2.11285990006749
155,5,0.327338438293122
155,6,1.09542246842039
156,1,15.8811959123858
156,2,10.0899001847041
156,3,6.945701521957
156,4,5.26376735098354
156,5,3.94577211491694
156,6,3.18803014273448
157,1,14.9435076074729
157,2,9.49442645312681
157,3,6.56027776283599
157,4,5.97016704591014
157,5,5.97451409171899
157,6,7.1580092280575
158,1,15.6988419929226
158,2,7.51673393951926
158,3,2.91008680096663
158,4,1.47536648980632
158,5,-0.126236907057075
158,6,-0.327578365170108
159,1,15.5921548806403
159,2,9.50006854287392
159,3,5.97738129580936
159,4,5.02316390358069
159,5,3.60714418960717
159,6,3.54693737077114
160,1,15.1304513845514
160,2,9.78862424528904
160,3,9.41671562167135
160,4,8.7423165297808
160,5,7.34081283784605
160,6,7.08187203601255
161,1,14.9083820117172
161,2,7.14174333150428
161,3,2.8046904327902
161,4,1.56398349191384
161,5,0.687662650529022
161,6,1.15544961077987
162,1,14.4504271120523
162,2,8.66693484599079
162,3,4.95551400440764
162,4,1.17510217076515
162,5,0.889191119027258
162,6,-0.933408533651373
163,1,15.4930273874793
163,2,4.95551589830838
163,3,1.21432550988281
163,4,-0.816278247703964
163,5,-4.02701492016467
163,6,-4.99344956613629
164,1,15.2559373266949
164,2,10.123289105888
164,3,5.91635896727953
164,4,2.04544876556951
164,5,0.459857696175704
164,6,-0.545873494796539
165,1,13.6905386079916
165,2,10.0579771880763
165,3,8.03076536569922
165,4,5.68501204831954
165,5,4.41243303845889
165,6,3.5469598306467
166,1,14.3741057044108
166,2,4.63325379820948
166,3,-1.56664697250438
166,4,-4.01979094315034
166,5,-5.03949999855394
166,6,-7.03596118762158
167,1,15.3770492707704
167,2,10.5913235229294
167,3,5.24874806103141
167,4,2.93494323445302
167,5,1.24577415313419
167,6,2.58674151545713
168,1,14.9749745756541
168,2,8.33178749674187
168,3,3.8860180524669
168,4,-0.19271659790206
168,5,-1.10941445651456
168,6,-1.43134034786323
169,1,17.1032314988738
169,2,8.82890045891195
169,3,4.87265396587716
169,4,-0.23810497748575
169,5,-3.45453613520976
169,6,-4.39428432958461
170,1,14.721541341862
170,2,8.05855640850132
170,3,4.4254496077826
170,4,2.46555192827027
170,5,1.16830380881132
170,6,0.935186680822043
171,1,14.6605206714146
171,2,9.910270188923
171,3,6.90352354684053
171,4,6.18897368693614
171,5,6.15958004622165
171,6,4.35763390739658
172,1,14.7706756775478
172,2,5.41998457738685
172,3,1.03238424129301
172,4,-2.46271603206353
172,5,-3.53904990922201
172,6,-4.00178985795697
173,1,15.8777296642963
173,2,9.11335068345182
173,3,4.89277542275228
173,4,5.11016176518731
173,5,2.63689749018451
173,6,2.09958880110778
174,1,15.8106157139506
174,2,14.2753819288902
174,3,10.5535277114159
174,4,9.11124154141746
174,5,8.24155401666454
174,6,7.42868029435738
175,1,14.2539435068068
175,2,9.77381010329588
175,3,6.78585047314589
175,4,6.04613386467397
175,5,5.24500893707723
175,6,5.26053580354283
176,1,15.6870094622833
176,2,9.08748377352584
176,3,5.88109671184742
176,4,3.91227326678166
176,5,0.306543785829747
176,6,-0.362273586608887
177,1,15.4606274015536
177,2,10.7464620158942
177,3,9.28999150407178
177,4,7.83327683611426
177,5,6.89429892942517
177,6,6.41357642255262
178,1,14.4143994967101
178,2,8.00665025392233
178,3,6.62566802690185
178,4,6.4058264074622
178,5,5.48458612343418
178,6,5.42913764552684
179,1,16.0923070460559
179,2,13.9037744967678
179,3,13.2128434691627
179,4,11.2453262433753
179,5,11.6861183692641
179,6,10.7947944451296
180,1,15.6591730815482
180,2,10.2070137880129
180,3,6.31441767785633
180,4,4.45201546752559
180,5,2.81749499403934
180,6,0.523584899456934
181,1,15.7840114598693
181,2,11.9884202004137
181,3,10.4257474931823
181,4,8.26067642138211
181,5,7.70381879264404
181,6,6.6978513741978
182,1,15.2083774324435
182,2,6.97269712061973
182,3,4.30658729802333
182,4,2.75574422681549
182,5,0.349528713942948
182,6,-1.89871492952324
183,1,15.0456065230401
183,2,10.7073183541796
183,3,8.8909051101719
183,4,7.76116977566444
183,5,9.75844196738771
183,6,8.49664226420889
184,1,16.0439416179809
184,2,10.7369591268714
184,3,8.14213516409954
184,4,5.61245937881132
184,5,2.85102734108575
184,6,1.74463375131911
185,1,14.8433203357248
185,2,9.90990833242718
185,3,5.12537843381812
185,4,3.53367609572177
185,5,1.38798733542086
185,6,1.18875240664243
186,1,14.8506475085457
186,2,8.70982607492879
186,3,4.93384447419327
186,4,4.84567081980121
186,5,3.84917333772037
186,6,2.66074926224222
187,1,13.6789759886115
187,2,12.9065377725556
187,3,11.8172362882448
187,4,12.2945922809
187,5,10.1777416194093
187,6,9.29740587453261
188,1,16.2383321242873
188,2,12.9070114811527
188,3,12.2357267934828
188,4,10.4438723926377
188,5,8.2201287288962
188,6,6.19268374665175
189,1,15.9100626407228
189,2,5.9514632099565
189,3,-0.665329686902783
189,4,-2.53788062086233
189,5,-6.84359359716604
189,6,-8.80953542141831
190,1,14.9227348365963
190,2,8.3598315233503
190,3,4.50929599946892
190,4,3.18376156972057
190,5,2.46397611161053
190,6,2.23168071643112
191,1,15.8550450313944
191,2,11.0447093130728
191,3,10.0729624894286
191,4,8.96214543394481
191,5,6.06664858431946
191,6,7.3966015998226
192,1,13.9879990036793
192,2,8.54034239653737
192,3,5.21139143568466
192,4,3.91304855122945
192,5,0.717154461177322
192,6,-1.54946963972328
193,1,16.352243352797
193,2,7.85140587861924
193,3,4.97434248451468
193,4,2.68230353831959
193,5,1.55680330271537
193,6,0.210194325934478
194,1,15.6070236553455
194,2,8.73655270777009
194,3,6.46772664318959
194,4,3.49717151277683
194,5,2.16110790103228
194,6,1.59067907025841
195,1,13.7601538744698
195,2,6.95023582531114
195,3,2.5997811749671
195,4,-1.03721826918572
195,5,-3.01416157150369
195,6,-3.72359363937623
196,1,13.3918252391424
196,2,7.89799118009733
196,3,5.63770425157064
196,4,3.85878417151788
196,5,4.55555067131998
196,6,1.61627994428969
197,1,13.4975205952363
197,2,12.8822254496258
197,3,12.126642642044
197,4,12.9528803812423
197,5,12.4394954459619
197,6,10.6953569453787
198,1,14.5287742820581
198,2,6.45818715047518
198,3,2.94879516948247
198,4,-0.597535859509888
198,5,-1.80695487420721
198,6,-3.92941326162356
199,1,16.6769448436625
199,2,11.0100580098674
199,3,7.47788765270657
199,4,3.94505307205064
199,5,2.03019689350178
199,6,3.25762133887992
200,1,14.6024043118601
200,2,7.0439218130158
200,3,5.30835555717056
200,4,3.40152069041693
200,5,1.97648464725813
200,6,1.23246083714447
201,1,14.155737847261
201,2,9.86330428444101
201,3,8.92168720449453
201,4,8.30010057625367
201,5,6.27234644000592
201,6,3.96789591043107
202,1,14.6723877631558
202,2,9.53427789210707
202,3,8.21862795763652
202,4,6.5530671380615
202,5,5.91639906738779
202,6,8.22422967832962
203,1,14.8066044252114
203,2,10.5700234405412
203,3,8.49306403194987
203,4,6.74420458841133
203,5,5.06995920980449
203,6,4.04894491339749
204,1,17.9138327907186
204,2,8.84707913174401
204,3,2.16439044729312
204,4,-0.958843496193107
204,5,-1.37805897561613
204,6,-1.17201589898881
205,1,13.5971350306019
205,2,8.85152949760532
205,3,4.31693354751847
205,4,3.53813362338839
205,5,1.62286390806753
205,6,0.434623179577679
206,1,16.3613147082249
206,2,8.55594874749871
206,3,3.48544198948797
206,4,0.0376129156739835
206,5,-2.60390805904317
206,6,-3.63705998611753
207,1,14.8396107894062
207,2,7.20201968652342
207,3,3.4660757255422
207,4,0.898605129070595
207,5,0.493239440510852
207,6,-2.24411874977148
208,1,14.82357244958
208,2,8.79888430348909
208,3,8.23843544280733
208,4,6.4370620729337
208,5,5.88913033674226
208,6,6.05747442349917
209,1,15.1966565320552
209,2,8.95850359440722
209,3,6.66944738689346
209,4,6.60018274954016
209,5,7.05456586190647
209,6,7.39847571645279
210,1,16.5437554279346
210,2,8.82389875677881
210,3,3.71735917750671
210,4,-1.65189360267879
210,5,-3.08791238572807
210,6,-4.14422563408426
211,1,15.6562186598993
211,2,8.49452619706036
211,3,4.29120482404507
211,4,2.7349077886339
211,5,1.59775325957225
211,6,0.586734217469473
212,1,15.4270443900427
212,2,10.5867908068226
212,3,9.71459143082698
212,4,8.65031104442359
212,5,6.53950382318345
212,6,4.53758861906462
213,1,16.9827385094265
213,2,10.3073166615735
213,3,6.16498499058535
213,4,4.10276250148767
213,5,2.45810408819898
213,6,1.44880192201685
214,1,15.0360327614586
214,2,9.16683442096916
214,3,3.77407751222447
214,4,1.41483010965804
214,5,-1.24089691407406
214,6,-0.740637005608529
215,1,15.3058865626443
215,2,7.06389193022642
215,3,1.73172068575646
215,4,-3.11735013045976
215,5,-3.59285136994962
215,6,-3.7642734494869
216,1,16.7742235639774
216,2,11.7576175156875
216,3,5.09253070153287
216,4,3.47061346615165
216,5,0.327913788682277
216,6,1.47790912680092
217,1,14.9296169126306
217,2,11.494589296137
217,3,10.5269105748835
217,4,9.59566698641947
217,5,7.50413352696596
217,6,6.86614063663766
218,1,14.2841548924317
218,2,7.63610612912165
218,3,6.09971819407603
218,4,5.09426685161734
218,5,5.04866501760485
218,6,5.22157009249344
219,1,14.6872433624065
219,2,12.0106904440385
219,3,9.04139336129898
219,4,10.0953804017537
219,5,9.72507337399468
219,6,8.16197981541617
220,1,16.9637660480097
220,2,12.3291046222326
220,3,8.32250965246494
220,4,7.77751494387151
220,5,7.69935389946339
220,6,8.46298638027522
221,1,15.2133257836461
221,2,8.03135502628198
221,3,2.52430406891464
221,4,-0.220015506365706
221,5,0.314405866169039
221,6,-1.22284397812256
222,1,15.9535767930119
222,2,9.33442349716958
222,3,6.08955106923799
222,4,3.2930590767937
222,5,0.033142832377273
222,6,0.372240750705602
223,1,15.0461182649174
223,2,7.63396544638814
223,3,4.88496648814537
223,4,1.07163647291788
223,5,1.58748389687485
223,6,1.18057894594509
224,1,13.1204580298107
224,2,4.39168929831879
224,3,0.87227243146657
224,4,-1.20908150213419
224,5,-3.40129736166602
224,6,-6.56042107512996
225,1,14.5921794011809
225,2,11.1544786869895
225,3,8.13982015929279
225,4,5.65824192414183
225,5,4.90047891800969
225,6,4.09000407391289
226,1,15.501186980241
226,2,11.6482521095689
226,3,10.4538655998114
226,4,5.87304698018579
226,5,6.9794169073509
226,6,5.76685042884572
227,1,15.4414695897976
227,2,4.47047688676736
227,3,-0.881293122004041
227,4,-4.47778099150354
227,5,-6.23985123132724
227,6,-5.90872406351522
228,1,15.5130213553496
228,2,8.65710961567658
228,3,6.0284013246426
228,4,6.2909763293347
228,5,4.87557486173339
228,6,5.69658799203664
229,1,16.2697279931335
229,2,14.3207082483197
229,3,13.4447579542945
229,4,10.3508224816842
229,5,10.2217711454971
229,6,10.6522251484677
230,1,14.3536058692408
230,2,6.54129328419277
230,3,4.5444728024137
230,4,1.67110098538646
230,5,1.58862055924955
230,6,0.385655502330949
231,1,14.9570066977539
231,2,8.0104809137799
231,3,3.78088029285153
231,4,1.87700900218607
231,5,0.0236269148132758
231,6,1.39507886666196
232,1,15.5404262398355
232,2,13.6528102664328
232,3,10.9990539060563
232,4,7.70708864655409
232,5,11.0351763505224
232,6,10.1868954715361
233,1,13.3573487326351
233,2,11.2658388661701
233,3,9.89413408054418
233,4,10.2739757786774
233,5,7.91499410567949
233,6,6.99942153053102
234,1,13.6865447760731
234,2,8.37846399541986
234,3,4.63964812551768
234,4,4.04918979303554
234,5,3.23844940049241
234,6,0.643016931649163
235,1,16.0662418953993
235,2,5.96643991682798
235,3,0.0920770455899689
235,4,-2.61883303719828
235,5,-4.18085711437921
235,6,-6.48130510674903
236,1,12.3479987493516
236,2,7.44414354534143
236,3,3.21174753611353
236,4,-0.675844078850547
236,5,-1.43880903990638
236,6,-2.51904456816465
237,1,15.3807191007188
237,2,6.43485413369945
237,3,5.01300291209737
237,4,2.50620713789236
237,5,2.36448318010473
237,6,2.59038760926388
238,1,12.4233093225082
238,2,4.87416798577531
238,3,0.76174518089173
238,4,-3.98522069235389
238,5,-4.60218341871767
238,6,-6.21206713861475
239,1,15.9161600544416
239,2,10.3960720514682
239,3,8.60216607263481
239,4,5.65548429445961
239,5,5.2003599815099
239,6,5.14412907441741
240,1,14.6717480836535
240,2,13.2709317023738
240,3,9.30742799251574
240,4,8.15221109125533
240,5,8.01584036984115
240,6,7.42471350893919
241,1,13.9059092507731
241,2,8.08771024548733
241,3,5.47836618630547
241,4,5.48525839681105
241,5,3.88227386544609
241,6,4.64422393859494
242,1,13.827023656951
242,2,8.97156748293907
242,3,6.68809836301288
242,4,4.01462420281994
242,5,2.97893178459239
242,6,0.441322139484544
243,1,15.5064425992926
243,2,7.44419189260834
243,3,1.95498146618395
243,4,-1.58204561938537
243,5,-4.40779383002224
243,6,-5.92192050657332
244,1,14.1762918402498
244,2,3.27117636674187
244,3,-3.70828276362563
244,4,-6.51786918254464
244,5,-9.09137383486864
244,6,-10.1390656978913
245,1,15.0895371583852
245,2,8.55701982665088
245,3,5.39527518563346
245,4,2.38714314773889
245,5,2.88480383371333
245,6,0.428164410672156
246,1,13.8636506129086
246,2,9.73747529766269
246,3,4.9805722259753
246,4,3.57543458172712
246,5,2.48828079624937
246,6,2.32332407482179
247,1,15.2084150563516
247,2,9.75816597638296
247,3,7.15546855308512
247,4,5.38770252817292
247,5,2.71902604115046
247,6,2.30241875842184
248,1,16.1631303658168
248,2,7.49142263409704
248,3,1.42607405031426
248,4,-3.06136805137997
248,5,-6.26614848322445
248,6,-7.36310453107444
249,1,15.2007593615759
249,2,10.2538648448137
249,3,5.3709984351352
249,4,3.86072782970382
249,5,1.79011003039313
249,6,2.6523728315768
250,1,14.4839963807105
250,2,11.3025177552594
250,3,9.60708781554306
250,4,8.16460501028307
250,5,7.34829574264161
250,6,7.28338180736167
251,1,16.2718608203386
251,2,9.76342821290753
251,3,4.33387305897807
251,4,1.92702401479447
251,5,0.716213108142388
251,6,-0.76206577531019
252,1,14.3658378548567
252,2,6.81664341172653
252,3,2.01720122933402
252,4,1.15064659649353
252,5,0.061116449292867
252,6,-0.466921629514848
253,1,13.8372456908375
253,2,10.7062145733513
253,3,9.69641900209441
253,4,7.77635525192233
253,5,7.35267749013614
253,6,7.02554171026099
254,1,14.4084679859571
254,2,7.598127191016
254,3,0.721439944328719
254,4,-2.35012762377481
254,5,-2.21243519852563
254,6,-4.55221203674619
255,1,16.6268827840332
255,2,7.42897091013718
255,3,1.68422354630144
255,4,-2.22948053941408
255,5,-3.76623964096322
255,6,-4.67064770933963
256,1,14.848247198463
256,2,8.36513846402818
256,3,5.81997099034313
256,4,4.57268232197027
256,5,4.45190017171408
256,6,5.4838392021043
257,1,14.404881579887
257,2,8.58827568768436
257,3,4.00851401002199
257,4,3.68694900918373
257,5,2.50567221654317
257,6,-0.874881133752031
258,1,14.7419580533787
258,2,8.28228788404146
258,3,5.32236986034471
258,4,4.27765825415379
258,5,4.35574594802099
258,6,0.934381628988441
259,1,15.9124408908139
259,2,7.99484621290275
259,3,1.91048205426333
259,4,-3.09367395417951
259,5,-4.00466410830418
259,6,-5.36751639231668
260,1,15.2158186208975
260,2,11.671875698096
260,3,8.77753393608438
260,4,8.35081228052645
260,5,6.40966337047866
260,6,6.78740465014804
261,1,15.5113160847973
261,2,6.56728694767905
261,3,1.48250309143821
261,4,-1.23065731495102
261,5,-2.93961326603749
261,6,-3.48164294772023
262,1,16.6139906114969
262,2,10.4410726981299
262,3,8.88964235128915
262,4,5.16923415200302
262,5,5.51973324605397
262,6,5.71573832217732
263,1,14.4805133188849
263,2,7.76524509877704
263,3,5.01098344264639
263,4,2.54652168760229
263,5,-0.391522406291619
263,6,-1.94382191103446
264,1,14.0819804798592
264,2,8.14872461336678
264,3,5.92812961105412
264,4,1.79152220787766
264,5,0.623324446842022
264,6,-0.968604693768966
265,1,16.5667237013791
265,2,9.84749813548248
265,3,5.3491194708388
265,4,2.24538469651776
265,5,-0.356317788925238
265,6,-3.57493265411058
266,1,15.1114091111042
266,2,9.32714063035484
266,3,6.6441665429445
266,4,3.90644202967841
266,5,2.94404739728182
266,6,3.27756035663321
267,1,13.8285024963767
267,2,12.4315356922672
267,3,10.9501662954399
267,4,10.8230093013069
267,5,9.66386945546316
267,6,10.0558730986546
268,1,15.6803152993114
268,2,10.4448439770004
268,3,7.23159283188434
268,4,6.25077056623485
268,5,5.87775083275636
268,6,7.14807304546578
269,1,14.9886086867296
269,2,5.72910079392118
269,3,-0.191929339967579
269,4,-3.75506046026547
269,5,-6.40045894443973
269,6,-10.4323794568578
270,1,15.9970757026802
270,2,13.829652941992
270,3,9.73797129884288
270,4,7.98385411854331
270,5,7.85600416921249
270,6,6.31602649525693
271,1,14.8514445127286
271,2,11.5588834195465
271,3,11.392464265879
271,4,10.1042879828562
271,5,9.66671857369022
271,6,9.01042621562229
272,1,15.6335930419428
272,2,9.55283333617654
272,3,6.57675177568004
272,4,1.46413682340736
272,5,1.04671201567698
272,6,2.50352662992467
273,1,13.5204046323555
273,2,9.42393988194683
273,3,6.53471032258902
273,4,5.02677929922522
273,5,2.08037278002036
273,6,0.138996781024644
274,1,14.3174383204561
274,2,8.58732630466691
274,3,3.70772051110811
274,4,2.58443186712799
274,5,1.84274530513287
274,6,1.96941959188567
275,1,14.7316649840019
275,2,5.25436724189153
275,3,0.761679327553835
275,4,-2.69825502646397
275,5,-3.64227347420404
275,6,-5.31190007984471
276,1,14.3996924865331
276,2,8.62563357951983
276,3,2.08864447411917
276,4,0.838023807765277
276,5,1.9382744741008
276,6,3.29210332048911
277,1,14.6538915889201
277,2,6.75366775668811
277,3,3.63982338394021
277,4,1.78956508453865
277,5,1.219863781677
277,6,-0.841952022090653
278,1,16.5230646106463
278,2,7.87295303224512
278,3,3.93362469844028
278,4,-2.07293523712938
278,5,-3.66803786034626
278,6,-4.17151203727872
279,1,15.0166759136553
279,2,11.0252160994214
279,3,7.93495084331849
279,4,6.8717042847137
279,5,7.07737258022554
279,6,6.28220220852266
280,1,15.4496944808419
280,2,9.65839222444626
280,3,7.03842110702757
280,4,4.52469565835423
280,5,2.0868076891567
280,6,2.19105864009399
281,1,18.2847223806434
281,2,11.0240348060343
281,3,7.42853994421114
281,4,5.5739436169263
281,5,2.82727413425215
281,6,1.8445530464949
282,1,13.8625632932141
282,2,7.91619729459135
282,3,4.7453799678788
282,4,1.61903703272045
282,5,1.48244541811662
282,6,0.510438030292948
283,1,13.4678184860959
283,2,2.90815726601926
283,3,-1.01312585475221
283,4,-3.60067621077188
283,5,-4.52418230520334
283,6,-5.49797984504028
284,1,14.9391334520844
284,2,8.03744502714283
284,3,3.62091083030193
284,4,0.107535766132271
284,5,-1.82289625575146
284,6,-2.23822063813786
285,1,14.4485227954633
285,2,7.94908475513573
285,3,4.21580956222048
285,4,1.86474158368546
285,5,-0.108605695049141
285,6,-0.965082463730707
286,1,15.3769235371528
286,2,10.9060147629183
286,3,9.59948082806781
286,4,6.65759701784212
286,5,6.13862552445224
286,6,5.22938507342876
287,1,13.3274829989964
287,2,8.62654527374148
287,3,8.71001019811295
287,4,5.26076294788457
287,5,5.52342233131876
287,6,3.92105281587826
288,1,15.1321000988743
288,2,12.0373492719144
288,3,9.64673311411166
288,4,6.29490104345185
288,5,6.27431920875266
288,6,4.03535914250026
289,1,13.0457793427293
289,2,10.3311575328094
289,3,8.11779552953617
289,4,5.17444012159509
289,5,5.21705313019644
289,6,3.98565325626134
290,1,14.7355608314021
290,2,8.58821557846837
290,3,5.11812702215387
290,4,2.57977179906191
290,5,3.21995266368727
290,6,0.465503115209606
291,1,16.9599816651412
291,2,10.0537586395744
291,3,6.87827791886995
291,4,5.2890336916695
291,5,4.42410228527045
291,6,2.54968220715194
292,1,14.5600720974959
292,2,10.7251188451634
292,3,7.28935087592155
292,4,5.00428858863968
292,5,3.43275009871572
292,6,2.99966862754469
293,1,14.7005177643171
293,2,5.50035967428367
293,3,1.24620115651387
293,4,-1.33429096330822
293,5,-2.46367635938727
293,6,-1.77325676561822
294,1,14.3301364582786
294,2,4.06478686320088
294,3,-1.12892828833527
294,4,-6.0556116507135
294,5,-8.52653092014263
294,6,-7.90864814464705
295,1,12.7786694911341
295,2,4.26857783132926
295,3,-0.203146759392377
295,4,-3.64092406071277
295,5,-7.72201692342941
295,6,-7.51253425264459
296,1,14.8846429632996
296,2,7.17087879601306
296,3,2.5076341959203
296,4,1.1552067269051
296,5,0.207253311311279
296,6,-0.353918505226906
297,1,15.0662768021049
297,2,12.0302612505563
297,3,8.36880616426889
297,4,7.29493387151502
297,5,5.7135061344412
297,6,4.94025540288191
298,1,16.2240973135605
298,2,8.7677952552094
298,3,2.88780615710528
298,4,0.636642917938622
298,5,-1.8762944541733
298,6,-3.77471714333717
299,1,16.8608528062961
299,2,10.3293122883801
299,3,4.69494902531115
299,4,3.13851484997651
299,5,0.893526077155527
299,6,1.26866445255345
300,1,12.4978862245571
300,2,10.7121771358837
300,3,9.20662971441573
300,4,5.38384748372882
300,5,2.21296044140195
300,6,2.98976279472407
301,1,14.6436583753275
301,2,8.58532268955043
301,3,4.73911425939908
301,4,0.855727870943355
301,5,-2.13770966781379
301,6,-0.183755977576372
302,1,15.5512739831172
302,2,6.98052858622129
302,3,0.90635528972766
302,4,-1.91091481451788
302,5,-3.5810560975246
302,6,-8.06920917497271
303,1,13.3611334642033
303,2,7.77671564305573
303,3,4.48780912786197
303,4,3.8793554065854
303,5,1.04886078007041
303,6,1.55995099187846
304,1,16.0921575466749
304,2,13.1328099758711
304,3,11.0393151697648
304,4,10.4099762492669
304,5,7.58214669451881
304,6,5.57561286284926
305,1,14.8974537384098
305,2,12.3853210164604
305,3,11.1633066796108
305,4,10.9188093361191
305,5,8.09727970720395
305,6,7.74874544496727
306,1,14.3422691848149
306,2,6.6842711079425
306,3,2.25790604340758
306,4,-0.204024155261537
306,5,-2.69258848897979
306,6,-3.52796277438758
307,1,16.0457061291902
307,2,10.6226573428353
307,3,5.25475676301784
307,4,2.02262316638225
307,5,-0.417995452494553
307,6,-2.44491764515674
308,1,14.315930146729
308,2,6.193165488972
308,3,2.38859110288363
308,4,-0.144300506579944
308,5,-1.72056784974647
308,6,-2.09684974146752
309,1,16.4984837476325
309,2,11.1093193316995
309,3,8.73368798676213
309,4,7.57592060709785
309,5,5.01818820512468
309,6,4.25328955397003
310,1,15.7835568831195
310,2,8.23804019658885
310,3,0.20534379017312
310,4,-1.83315796053674
310,5,-1.63148640660048
310,6,-3.14757706174259
311,1,14.2704067208051
311,2,8.77616089850203
311,3,4.2817860530035
311,4,4.38531292595784
311,5,4.29688416953012
311,6,1.17150869038883
312,1,13.5503251593528
312,2,5.67135586914837
312,3,4.32151939923352
312,4,1.97979234195783
312,5,-0.896567909559899
312,6,0.275581892486081
313,1,14.6044935703874
313,2,9.36168939821845
313,3,7.10729018059068
313,4,4.75975441788511
313,5,4.46015413897235
313,6,3.66199265766305
314,1,14.8663944568186
314,2,6.00253045815297
314,3,1.37265504188186
314,4,-4.00416508745254
314,5,-5.15812931527095
314,6,-6.71005999652844
315,1,14.7561039201998
315,2,5.71113379102736
315,3,-0.244003646948742
315,4,-2.9629638960887
315,5,-6.32063564477968
315,6,-7.29208810136636
316,1,14.912480222478
316,2,9.82092339205678
316,3,4.75927728716856
316,4,3.02526960056842
316,5,0.885465622961504
316,6,1.86746844402907
317,1,15.1953926794244
317,2,8.1740254195809
317,3,4.76022782666966
317,4,1.42350863945962
317,5,0.150050489847821
317,6,2.01686477919738e-05
318,1,14.4074948611077
318,2,11.550589421842
318,3,7.69216751588476
318,4,6.54400848581168
318,5,4.39763549717575
318,6,4.43870271993005
319,1,15.4220382715419
319,2,9.61557553505467
319,3,7.90713144817422
319,4,4.12827593662009
319,5,2.78212759443637
319,6,3.63032565393631
320,1,16.1695992504688
320,2,3.67573360636553
320,3,-3.42543829007053
320,4,-8.76831752327848
320,5,-12.0364055665001
320,6,-12.2049489062192
321,1,16.388757410844
321,2,10.466873122133
321,3,7.41031424416256
321,4,3.78491174301525
321,5,1.9090671732232
321,6,2.78971115048668
322,1,15.7385284474971
322,2,6.37102073175191
322,3,2.4611933063633
322,4,0.203646183890242
322,5,-0.976847294667829
322,6,-1.21863503491146
323,1,15.4754548698287
323,2,8.17292616815204
323,3,2.66399194933012
323,4,0.70368336970804
323,5,-0.789124169491142
323,6,0.806481715175368
324,1,16.1592340087379
324,2,4.55108099615252
324,3,-0.992157153153887
324,4,-3.10276732018295
324,5,-5.08095170528889
324,6,-5.5677930354532
325,1,14.7660927979225
325,2,7.59858217683682
325,3,4.19790092966899
325,4,-0.305286777145781
325,5,-0.33806814512195
325,6,-2.00564933019801
326,1,14.2713643226985
326,2,9.96572088713686
326,3,8.56394820539045
326,4,8.14184502186711
326,5,6.32820037667016
326,6,8.32794372625358
327,1,14.9373081519288
327,2,9.81228372235925
327,3,7.7954861572324
327,4,5.96249029780865
327,5,5.85915554396263
327,6,3.4852726356672
328,1,15.4807542422286
328,2,8.80431881124913
328,3,5.6359146497895
328,4,4.01461544540755
328,5,2.28993888764099
328,6,2.50208572392452
329,1,13.9893390195203
329,2,11.3833812497225
329,3,10.2198026060834
329,4,9.11328333985808
329,5,8.22553380340994
329,6,8.66619266809751
330,1,15.4582849510735
330,2,10.5604627310978
330,3,9.03990134016565
330,4,10.1554789507795
330,5,8.98239857245134
330,6,9.48788683890064
331,1,16.6314110870976
331,2,11.6029565774143
331,3,8.34965031856298
331,4,8.09695366410393
331,5,4.71668959679038
331,6,3.59099885379652
332,1,13.1210673543444
332,2,10.3841705098965
332,3,7.00821342968687
332,4,6.35603207000099
332,5,4.17912612754695
332,6,6.74764880403057
333,1,15.3910430156517
333,2,11.035425713315
333,3,8.51171225911128
333,4,5.11998489262013
333,5,5.30819226955601
333,6,5.75409986453631
334,1,17.4227942738004
334,2,14.957125144483
334,3,10.2239787747458
334,4,8.079503451436
334,5,7.36793771631927
334,6,7.45606114022456
335,1,14.1435399954495
335,2,7.27442350014976
335,3,3.36660025790648
335,4,0.88899283543061
335,5,-0.487721959952681
335,6,-1.90171926307808
336,1,12.2058983257572
336,2,7.09167515299399
336,3,3.33610072640414
336,4,2.97952752295581
336,5,2.14213096149014
336,6,2.12767830423164
337,1,15.6140637196491
337,2,9.87074387342289
337,3,6.67581638608966
337,4,4.14559651034182
337,5,2.50764539934452
337,6,2.07660095081992
338,1,16.0218465688694
338,2,8.59081306253191
338,3,4.05553486272157
338,4,2.14963444242052
338,5,-0.249219740844198
338,6,-0.95078836766665
339,1,13.9813256868942
339,2,8.55986472701781
339,3,5.11881574233154
339,4,3.18801840787401
339,5,0.943097824849951
339,6,0.0895122708125035
340,1,12.345071909249
340,2,8.54327689444956
340,3,7.27468012845265
340,4,6.20686838854752
340,5,5.29588474450907
340,6,4.5154403530497
341,1,13.4953954906831
341,2,10.5749994892786
341,3,6.66829683181763
341,4,8.72306627367577
341,5,7.53494287563068
341,6,7.24422953310415
342,1,14.9681055578641
342,2,8.25142770258307
342,3,5.28705083274808
342,4,3.14553873150974
342,5,1.19575356281351
342,6,1.00228204306067
343,1,14.1247265939142
343,2,9.00697699558081
343,3,4.86970520305615
343,4,4.1956755136802
343,5,2.83440822343372
343,6,1.50829807630056
344,1,16.6107109996003
344,2,7.97245142266134
344,3,4.56799932877482
344,4,1.36946168235426
344,5,0.256123108357153
344,6,-1.08836712386708
345,1,14.8367558326337
345,2,10.444265498184
345,3,6.06737039521076
345,4,4.18683196062324
345,5,3.34072287190272
345,6,4.72557837329037
346,1,15.7643276673717
346,2,11.8735544118643
346,3,9.4213693556883
346,4,6.97796316874173
346,5,5.16076753282099
346,6,4.51255605831554
347,1,15.049114185508
347,2,6.65684937654641
347,3,2.56624217117264
347,4,0.579618028414731
347,5,-3.24505217490921
347,6,-2.96686951323148
348,1,14.2678696290314
348,2,11.7142572971479
348,3,9.2543628555268
348,4,6.89236124208558
348,5,8.73499924293412
348,6,8.33384191724863
349,1,15.7121866590444
349,2,6.70528694784668
349,3,1.13254204125694
349,4,-3.27743842806026
349,5,-3.91253127714538
349,6,-4.31414843580765
350,1,15.9230882663884
350,2,6.45707728481101
350,3,1.16958564082415
350,4,-0.413920885388769
350,5,-2.30878917916032
350,6,-3.4967971058424
351,1,12.8900428299721
351,2,4.911463769817
351,3,-1.16441226654271
351,4,-5.30586203497107
351,5,-7.69343971090312
351,6,-10.5878648439317
352,1,14.4536977382892
352,2,11.1939445940148
352,3,6.64549989771818
352,4,5.84300555095077
352,5,5.90461094501897
352,6,4.58122729508817
353,1,14.2074436965895
353,2,7.62949487788136
353,3,4.76663376478164
353,4,1.1669970069263
353,5,0.140097584234777
353,6,-2.12139149246484
354,1,13.6882463247713
354,2,14.7590696955279
354,3,14.7908477111562
354,4,14.806773736764
354,5,13.8428023529292
354,6,13.2030423496935
355,1,14.4389764716111
355,2,7.59926749354202
355,3,4.05347213642289
355,4,2.45199302301649
355,5,0.558926421807609
355,6,1.50784158173454
356,1,13.7612679915505
356,2,6.50044766617708
356,3,2.55591378192885
356,4,1.61667831351673
356,5,-0.0835550057896279
356,6,-2.0166000843298
357,1,15.9190076285384
357,2,7.40004747316225
357,3,4.96192204068327
357,4,1.76760463881923
357,5,-0.0729568028548889
357,6,0.0263378481276749
358,1,14.7918384991326
358,2,11.6421869062228
358,3,10.3193925210693
358,4,6.9075863664411
358,5,6.53848232569452
358,6,8.29161680435192
359,1,16.0461055304042
359,2,8.69977570649242
359,3,5.71480559051027
359,4,3.70326839579341
359,5,2.72893413365773
359,6,1.65310726960894
360,1,15.3999992408558
360,2,7.33337958621488
360,3,3.40380001958374
360,4,0.102564334501708
360,5,0.294907976969224
360,6,-0.456883714360591
361,1,15.1479272302398
361,2,11.5575542299768
361,3,7.73888048274369
361,4,6.51555278800956
361,5,7.07701184738019
361,6,4.79902084969021
362,1,13.3992340815584
362,2,11.7140965343024
362,3,9.10270532575125
362,4,8.73137357183206
362,5,9.13358153381797
362,6,9.35298781797122
363,1,16.2242105213434
363,2,10.2187851962252
363,3,4.04830746675827
363,4,1.1991031700749
363,5,-0.598077577892208
363,6,-2.7895263352175
364,1,15.4172361546449
364,2,12.2678500655651
364,3,8.70626972561932
364,4,5.81080871582357
364,5,6.7800072932097
364,6,3.82067472007912
365,1,13.3486975459701
365,2,6.98028358660328
365,3,1.82030569400969
365,4,-4.01768202450724
365,5,-3.99108368895871
365,6,-4.99189304014332
366,1,14.7302988016608
366,2,7.45501744420824
366,3,4.2678088880588
366,4,1.57737343698512
366,5,0.638607155910241
366,6,0.509253571032174
367,1,15.3248610288822
367,2,10.2485296381
367,3,5.07165587685302
367,4,5.62057159363354
367,5,4.10997872994813
367,6,3.21820507956566
368,1,14.178566112438
368,2,10.303447589335
368,3,7.13197468929564
368,4,6.72894740411556
368,5,4.76866781917556
368,6,4.07631419149805
369,1,15.1196646517947
369,2,8.89768295036375
369,3,4.9701255132145
369,4,2.51612489017367
369,5,3.47601563191897
369,6,4.32828755759975
370,1,15.9705088719293
370,2,9.81034767430463
370,3,6.51348891742197
370,4,1.9070384640183
370,5,3.74465910660064
370,6,2.94021847491013
371,1,15.3965420350857
371,2,11.2722010369253
371,3,6.80052130351496
371,4,4.95208108622715
371,5,4.10349893134864
371,6,3.35923147057458
372,1,15.594123783484
372,2,12.204763902174
372,3,10.2987642765878
372,4,8.70030205109015
372,5,8.93545962789937
372,6,6.5081044718832
373,1,14.2542936207428
373,2,8.98795541394631
373,3,4.38726373456183
373,4,1.11210545090759
373,5,1.00761590237471
373,6,0.802052336442485
374,1,14.4622944835021
374,2,9.25369332306067
374,3,3.80765358243384
374,4,1.71343570196131
374,5,-0.556155601162892
374,6,-0.454746233261744
375,1,14.8574501685843
375,2,10.7322787205704
375,3,7.92387686313886
375,4,5.35933712262673
375,5,6.99453445404563
375,6,4.61863839238718
376,1,15.0165841769142
376,2,9.28439081236927
376,3,3.76330541367669
376,4,-0.30324810040792
376,5,0.3653525996221
376,6,-1.29629591048995
377,1,16.3756474838241
377,2,10.7093468638665
377,3,6.46141615418644
377,4,5.63438657078927
377,5,3.76566760244554
377,6,4.80982375739886
378,1,15.8520054920845
378,2,11.7329456729033
378,3,7.97761358403005
378,4,7.27218573907087
378,5,3.86800427813016
378,6,3.9021796692407
379,1,15.2018595320398
379,2,10.1626385417347
379,3,7.58792857996877
379,4,5.93752087042691
379,5,4.12444352281701
379,6,3.28485786250802
380,1,14.9218514446089
380,2,7.9701034131825
380,3,3.21170440052381
380,4,1.99842438550595
380,5,-0.717088782958089
380,6,-1.98851779440565
381,1,16.2421915379871
381,2,10.2197291559549
381,3,4.45728209565255
381,4,3.08638137538179
381,5,0.728860100310787
381,6,1.44991332678173
382,1,17.3099901310388
382,2,10.4041038492523
382,3,5.92022196986546
382,4,5.13513553976526
382,5,3.02740139061588
382,6,2.12110938902052
383,1,14.0912063669497
383,2,11.9950718093305
383,3,7.18932921693088
383,4,6.13402229600601
383,5,5.61155877798173
383,6,3.77452796543917
384,1,12.3994531630941
384,2,5.98072864017175
384,3,2.4905628423598
384,4,0.375491530821743
384,5,-1.11191530833326
384,6,-2.33195874543992
385,1,14.8431661195071
385,2,14.0720869115266
385,3,9.93993439448593
385,4,8.89759522393573
385,5,7.73444930285444
385,6,6.81044251972119
386,1,13.4793079875903
386,2,8.78828863024124
386,3,5.04132105382854
386,4,5.55927165316613
386,5,4.73155011412709
386,6,4.13849551509268
387,1,13.2625526831304
387,2,9.5816107429858
387,3,6.67165473192693
387,4,4.36406799093226
387,5,5.1906665962288
387,6,5.00168084632643
388,1,12.6886145036635
388,2,8.95719612151526
388,3,5.71516721810228
388,4,4.85539619277036
388,5,2.12884549576916
388,6,3.12930583938791
389,1,16.004664301503
389,2,11.5726180583396
389,3,11.4932650957737
389,4,9.86943498176874
389,5,8.3752192042742
389,6,8.21069419815611
390,1,15.2721187262015
390,2,13.908549057989
390,3,12.8778631025031
390,4,11.84862201313
390,5,9.97215093838603
390,6,10.7987464387948
391,1,16.065978487276
391,2,12.0204685386872
391,3,7.38269207989542
391,4,6.67350882237426
391,5,5.37402163346442
391,6,4.59764037258007
392,1,13.8453632230139
392,2,9.77311499929878
392,3,7.35398248954767
392,4,4.88682724543491
392,5,4.44716991835244
392,6,5.43455813928329
393,1,14.0996340916231
393,2,9.9639034308481
393,3,8.69632051537232
393,4,5.96300054892721
393,5,4.66004469375035
393,6,4.97201481214093
394,1,15.0168891312333
394,2,7.1020052973912
394,3,2.24040965027776
394,4,-0.290680737781263
394,5,-2.07251460366347
394,6,-2.06560619852915
395,1,16.9404944834751
395,2,7.44033832266928
395,3,2.08187904077965
395,4,-0.758987753034061
395,5,-1.74897449262703
395,6,-4.30587671550998
396,1,15.4105331952575
396,2,8.74348041588527
396,3,4.14766595729959
396,4,0.683994595705024
396,5,-0.325418842671951
396,6,-1.37981367571742
397,1,14.9132602850103
397,2,10.3145087351414
397,3,8.02226117664139
397,4,7.55530105807799
397,5,5.51382966902772
397,6,4.30617992307039
398,1,14.6007819062664
398,2,10.1565930982456
398,3,4.26381712477996
398,4,2.81902677588308
398,5,-1.71773209803571
398,6,-1.52192956648789
399,1,16.1602999505649
399,2,12.6436396230237
399,3,9.98941734834706
399,4,9.59739706389685
399,5,6.86112855161049
399,6,7.8389110059157
400,1,15.9564446588239
400,2,11.4143055133816
400,3,9.17443988488927
400,4,6.88577711688952
400,5,4.68104408767751
400,6,6.65373669155141
401,1,14.9690312639719
401,2,7.21106727948257
401,3,0.454736650710779
401,4,0.0796493368587305
401,5,-1.17939042025924
401,6,-2.84294227905794
402,1,14.8653300329394
402,2,6.82928779087084
402,3,2.29680458594258
402,4,-1.49842483231842
402,5,-3.4814622886619
402,6,-4.53696106029783
403,1,13.3048205051685
403,2,10.8246838551471
403,3,8.39665127897656
403,4,6.45379497906116
403,5,5.83522778432259
403,6,4.4207985931048
404,1,15.2021219660727
404,2,8.40061450279882
404,3,3.32701526833714
404,4,2.71731442158046
404,5,1.37181824324208
404,6,0.0628065639299226
405,1,13.3482196602638
405,2,6.99789492565672
405,3,2.77149507814208
405,4,-1.50857176187581
405,5,-3.87435965385393
405,6,-4.32326171606668
406,1,15.3586718999483
406,2,10.9476515403798
406,3,8.19106465503296
406,4,5.84048244302936
406,5,3.62586493015432
406,6,4.40571900154656
407,1,15.8678656259497
407,2,8.6632312296165
407,3,1.36273712620111
407,4,-3.46830054642852
407,5,-5.16485794693393
407,6,-6.06245601425497
408,1,13.9533581189909
408,2,9.81224666152306
408,3,7.9826271205394
408,4,7.5706368719927
408,5,5.68651363150707
408,6,6.44648150752872
409,1,14.6959245801269
409,2,11.2491156173284
409,3,10.1911874160279
409,4,9.3567372330675
409,5,7.39202265124356
409,6,7.45178799164479
410,1,15.6226136741751
410,2,12.0627078792541
410,3,9.4811681106201
410,4,8.68401360715001
410,5,6.51924971171228
410,6,4.70152884464988
411,1,14.6850599065464
411,2,8.2225319226324
411,3,5.96579963815469
411,4,3.24319225257921
411,5,3.54243169252621
411,6,2.2621849642427
412,1,14.0574440055915
412,2,6.27522084873863
412,3,0.448460818467657
412,4,-2.22714201246981
412,5,-4.69018519494119
412,6,-3.80232692613372
413,1,16.9153579565175
413,2,11.9861873241365
413,3,8.04216017478201
413,4,6.10813665860434
413,5,6.29760592136428
413,6,5.61342789111121
414,1,15.9274766136089
414,2,8.42425169638784
414,3,4.79469791108368
414,4,1.4855085224965
414,5,-1.43978477079892
414,6,-2.77960452714568
415,1,15.3511641020575
415,2,9.90256491752408
415,3,6.62862851897316
415,4,4.23288570470868
415,5,5.49225318693295
415,6,3.88975508997391
416,1,14.6578030739429
416,2,8.79688042730908
416,3,6.72987840013129
416,4,5.02328676449229
416,5,3.17463095732771
416,6,3.55000139675007
417,1,12.6734617121114
417,2,5.86415436285054
417,3,0.0480881223400207
417,4,-3.04137241740516
417,5,-3.04724702019564
417,6,-3.7621935079967
418,1,14.6456757253569
418,2,9.39445188351715
418,3,5.48460838177205
418,4,2.01202418310148
418,5,0.227256430285816
418,6,-0.308158167705598
419,1,17.3016467681623
419,2,7.21277629413884
419,3,3.08779378680756
419,4,0.040131142914776
419,5,-1.36542274292408
419,6,-4.16586562921438
420,1,14.4754193347156
420,2,9.07788010824748
420,3,5.94872063719947
420,4,5.10992981818263
420,5,5.31503242623351
420,6,2.36514356517909
421,1,15.0013023947029
421,2,13.3968679013938
421,3,14.3496507210682
421,4,12.1685584599191
421,5,14.4282425600832
421,6,15.1708913493557
422,1,15.9935218684013
422,2,5.20606339407648
422,3,0.378330002096048
422,4,-1.58545418877357
422,5,-5.20724481534382
422,6,-4.17842603345359
423,1,15.1695811909592
423,2,8.98575736427907
423,3,4.68139594993023
423,4,2.89161361341384
423,5,0.99542665788021
423,6,0.0220892548638205
424,1,13.5170633527749
424,2,5.98011630651093
424,3,0.691800517663349
424,4,-2.20108155233886
424,5,-3.83269245054286
424,6,-5.12923706219436
425,1,15.9885791666756
425,2,9.9474312100208
425,3,5.55067931377056
425,4,3.29321260787609
425,5,2.8963631334089
425,6,1.97892893387498
426,1,14.1384959079003
426,2,9.82536544485333
426,3,5.99529115047384
426,4,2.46923677633094
426,5,0.745482312599344
426,6,-0.847885006173651
427,1,14.6112548943545
427,2,10.8957923803856
427,3,6.44016725590077
427,4,3.60174053694263
427,5,3.75137944826261
427,6,2.55247354842585
428,1,13.8334655703757
428,2,8.70894136328351
428,3,5.52747226099171
428,4,4.52921960579895
428,5,2.79242895826838
428,6,3.72460655660126
429,1,14.0184385951044
429,2,14.5038134376709
429,3,13.7868768030805
429,4,12.696870429325
429,5,12.0067910358088
429,6,10.6647498614073
430,1,14.4344067482381
430,2,10.0704006278976
430,3,8.8047087702081
430,4,6.74250329019204
430,5,5.75088420228336
430,6,5.2293490852942
431,1,13.9739692383284
431,2,8.89944728961289
431,3,4.5664108714252
431,4,1.48019849402611
431,5,-0.0954424701817536
431,6,0.987111032354567
432,1,15.2053651409833
432,2,7.58315258080741
432,3,7.04524504143319
432,4,3.2843213314429
432,5,0.476173469204796
432,6,0.104222543127419
433,1,15.9432871714084
433,2,7.83145252572221
433,3,5.56567069822929
433,4,4.53215012825744
433,5,-0.443215450003151
433,6,-0.974572673477945
434,1,16.9992437075493
434,2,5.67348172493454
434,3,-1.96043386036558
434,4,-6.02352605681948
434,5,-9.50014950662178
434,6,-12.6797386053378
435,1,13.754062207974
435,2,8.58453633143005
435,3,5.253984187865
435,4,1.17966714400775
435,5,-0.993489039259899
435,6,-1.94136566773792
436,1,16.021042796913
436,2,8.7763416991251
436,3,5.10687124676723
436,4,3.7095939049027
436,5,1.54442117357755
436,6,0.429382673034678
437,1,16.0001759280272
437,2,10.12646990946
437,3,8.22911542575515
437,4,5.67920166848863
437,5,4.77050406598963
437,6,2.22551649847179
438,1,17.5334037197508
438,2,12.2067562526595
438,3,5.88506908795522
438,4,5.66128134306378
438,5,3.07330918139269
438,6,2.42340064810594
439,1,15.1398392037507
439,2,10.0914827648959
439,3,4.72479924257219
439,4,3.17164068835221
439,5,3.36577116438674
439,6,3.35635132260711
440,1,15.6157400880167
440,2,10.5575051642972
440,3,6.45280644165409
440,4,4.50896633211879
440,5,4.44330095718253
440,6,1.74117970219177
441,1,14.4824113608505
441,2,4.79177184700654
441,3,-0.579104189568125
441,4,-4.04645270545631
441,5,-6.79141336102905
441,6,-8.850443993012
442,1,13.9868207975929
442,2,3.46524893936862
442,3,-2.88733432534529
442,4,-6.889907905667
442,5,-8.14564507712277
442,6,-9.69478404009353
443,1,16.709996306639
443,2,12.6372118139858
443,3,9.94477527382148
443,4,11.3965952983427
443,5,11.7812995156346
443,6,11.1953539529113
444,1,15.0306557324237
444,2,5.83876856853729
444,3,0.304568138476017
444,4,-5.07027286847735
444,5,-5.69431207364218
444,6,-3.84018265870963
445,1,15.0569104625347
445,2,9.38519393371301
445,3,8.13188099173033
445,4,5.47609295612503
445,5,5.35342669833925
445,6,2.18944415133913
446,1,14.229671859771
446,2,10.799841358574
446,3,10.0603038008122
446,4,5.95570729923948
446,5,6.27204230208905
446,6,5.76362027414143
447,1,15.3475601196529
447,2,9.16428211886052
447,3,6.06171925946994
447,4,4.7965494819472
447,5,4.37941808213608
447,6,5.31660636969774
448,1,16.0243907388009
448,2,5.39192142501259
448,3,-0.902322430770543
448,4,-3.84353384378926
448,5,-6.62481763669104
448,6,-8.69386226094159
449,1,16.025786564938
449,2,7.25996818030052
449,3,2.89423400092752
449,4,1.39209211316945
449,5,-1.38050659864013
449,6,-2.20766138729876
450,1,15.1537782867389
450,2,9.0101095686427
450,3,2.81928077428731
450,4,1.2326612762351
450,5,0.765085738682215
450,6,0.774511147170529
451,1,15.5502437469409
451,2,13.3173152708183
451,3,9.48915975987132
451,4,7.67013862286799
451,5,6.16706885581637
451,6,4.86122361130967
452,1,13.5482083457102
452,2,9.1826905802225
452,3,7.62930114759251
452,4,4.09095935011095
452,5,2.3124710738548
452,6,2.28699317770778
453,1,15.6218088531819
453,2,11.7502096758387
453,3,8.29397055827349
453,4,6.1181444745898
453,5,4.77093329111773
453,6,2.43731317179025
454,1,16.0594264515321
454,2,12.3022374483424
454,3,10.2028853043924
454,4,8.8294723033563
454,5,8.66764410741968
454,6,9.52387782624688
455,1,15.8587751103265
455,2,6.46575066185922
455,3,0.21850968490225
455,4,-3.16755649663037
455,5,-5.02467806373003
455,6,-5.70121718586075
456,1,13.8949961696168
456,2,12.0850265123948
456,3,9.04951930721848
456,4,8.14880890766424
456,5,6.60389986654379
456,6,5.4253011969691
457,1,14.663631136125
457,2,8.50247972251968
457,3,4.78138779016069
457,4,2.18649938084745
457,5,1.6277617335545
457,6,0.593943695821899
458,1,15.2801214081439
458,2,7.14030768516323
458,3,3.34197068789874
458,4,0.193860947616558
458,5,-1.53998616860072
458,6,-2.047087945483
459,1,13.7396326054128
459,2,10.4882256803984
459,3,6.67976429112648
459,4,7.30218206330794
459,5,6.38141108595216
459,6,4.77335783549586
460,1,14.8892335167111
460,2,6.58341662674653
460,3,2.41363375598696
460,4,0.371001817892435
460,5,1.69279137316907
460,6,0.705764090422547
461,1,14.7119643210937
461,2,8.97061271990723
461,3,6.13213785146276
461,4,4.28191925447825
461,5,3.87440946912781
461,6,4.08381925852011
462,1,13.9201846367403
462,2,8.81870199507437
462,3,6.23026081982506
462,4,3.17962994735646
462,5,3.40449180970321
462,6,1.61021005007597
463,1,14.6116511361019
463,2,11.8386773033049
463,3,8.51660929541224
463,4,7.30248117568109
463,5,8.30035483679431
463,6,8.18447757296469
464,1,13.2975987961221
464,2,8.77655357473346
464,3,4.50823895386194
464,4,1.39271003486893
464,5,-0.467598963163347
464,6,-0.857793968994881
465,1,13.8563145057978
465,2,7.40020845014075
465,3,2.48395486280006
465,4,0.711925012450842
465,5,-0.840629411427971
465,6,-1.60307205484036
466,1,14.602669845588
466,2,10.9279203862101
466,3,9.57366681008684
466,4,7.00662571715362
466,5,6.21469881428518
466,6,6.46058193557142
467,1,15.2764535577187
467,2,12.0599051984598
467,3,8.15733579881859
467,4,6.02348030711268
467,5,4.34400157057933
467,6,4.20659180449202
468,1,13.397133187631
468,2,6.78248764174685
468,3,4.54420781677065
468,4,1.66090257975948
468,5,-0.396698837595558
468,6,-1.83545820529759
469,1,14.7554043004075
469,2,9.20358970463697
469,3,7.46358953008481
469,4,3.73016118360836
469,5,3.38711216586438
469,6,1.04432612251688
470,1,14.5663840036226
470,2,7.9264125455788
470,3,4.94094985996147
470,4,4.53056116520519
470,5,0.371561138958814
470,6,-1.60502154801089
471,1,14.9063256228956
471,2,12.953840689658
471,3,12.2920306651674
471,4,13.8394605626675
471,5,12.0808938996458
471,6,11.4750631745758
472,1,16.5460249031935
472,2,7.46274195939971
472,3,6.47920081802683
472,4,4.82274865019059
472,5,2.42249055949794
472,6,0.768013288344623
473,1,14.0473105091912
473,2,4.62539645081755
473,3,-2.04707903815317
473,4,-4.63115959849173
473,5,-6.49416377595105
473,6,-8.04803546156116
474,1,15.6106571614342
474,2,12.3216776509212
474,3,10.4169884361501
474,4,8.52873068260963
474,5,6.98472511116771
474,6,5.51556225665352
475,1,14.6363484588675
475,2,11.382557099667
475,3,8.20363194910585
475,4,7.09929722695008
475,5,5.344103661126
475,6,3.30978409976911
476,1,15.391703640536
476,2,6.387244492202
476,3,2.53240922324371
476,4,-1.10674955608266
476,5,-2.97545874127271
476,6,-3.28882789538754
477,1,16.1096029180558
477,2,9.7560353218906
477,3,4.74657646685363
477,4,1.97398053151533
477,5,1.11365701073137
477,6,2.40934943958119
478,1,12.7512821085902
478,2,9.73324542683266
478,3,9.32143656459961
478,4,6.5388817190875
478,5,6.52620950756109
478,6,6.72792070290347
479,1,16.1807787111156
479,2,8.80427860353422
479,3,5.28473996657816
479,4,2.0253404581634
479,5,0.88558295601941
479,6,-1.4483091406897
480,1,14.7180372708147
480,2,10.8612369923231
480,3,10.2362640090833
480,4,8.59026195591709
480,5,8.34083165357033
480,6,7.97385844512919
481,1,15.3696336231269
481,2,5.21231724867473
481,3,1.04576748547699
481,4,-1.0639701275715
481,5,-0.956460696389886
481,6,-0.717899334816645
482,1,15.8726067021155
482,2,6.99176427201518
482,3,0.33723213036805
482,4,-1.73568322779572
482,5,-4.26730143601841
482,6,-5.08241744718942
483,1,15.7200961347815
483,2,7.20867490383359
483,3,3.75732277314942
483,4,-0.318554333230274
483,5,-2.08633811733115
483,6,-3.98754120912364
484,1,14.5220511085042
484,2,13.6127235921148
484,3,11.4235709394843
484,4,10.5609484902653
484,5,11.2713176628723
484,6,8.56642478924156
485,1,15.7737240985267
485,2,5.43706558505631
485,3,0.346959233749758
485,4,-2.40878924829513
485,5,-3.52756875714606
485,6,-5.81734251051691
486,1,13.5269837475519
486,2,5.70384883231986
486,3,1.13823618935506
486,4,-0.7893557704588
486,5,-2.32974757807165
486,6,-3.99947831281543
487,1,14.4104441133585
487,2,14.3476512024958
487,3,11.9008755206537
487,4,10.6244605516223
487,5,11.1554293801519
487,6,11.2234074666795
488,1,17.3946869552028
488,2,8.4438430413441
488,3,4.98367371492569
488,4,2.61550851186099
488,5,2.71263957159821
488,6,0.651587715614013
489,1,15.5219099959356
489,2,10.1399128439992
489,3,3.68888948293648
489,4,-0.99461938015206
489,5,-1.68099427853754
489,6,-3.64780078927135
490,1,14.7552358600495
490,2,10.8070737024956
490,3,8.16625553323339
490,4,8.1348389998425
490,5,7.63409125339022
490,6,6.66193651538063
491,1,14.6787260436321
491,2,10.1796996211345
491,3,6.49694222596579
491,4,5.57850518298652
491,5,5.25023613750809
491,6,3.8201203457236
492,1,15.5395350108553
492,2,8.84433407015494
492,3,4.8193184308531
492,4,1.52784889325199
492,5,-1.46126412714109
492,6,-2.02776408136264
493,1,13.2529227658144
493,2,4.86546861301078
493,3,-0.323722184102837
493,4,-2.71238381949381
493,5,-3.32051835831212
493,6,-1.24904900085817
494,1,14.98509774813
494,2,8.92089012292553
494,3,4.49949426379746
494,4,3.07054494145315
494,5,1.24362678698066
494,6,1.74801516641073
495,1,15.1865478722428
495,2,11.4608326116193
495,3,10.8487712232191
495,4,8.92991174730563
495,5,7.57994740312491
495,6,9.04731785080572
496,1,14.2965566319931
496,2,9.27403567951329
496,3,5.81095320210012
496,4,4.73146277879159
496,5,4.4869646664584
496,6,2.74483696088478
497,1,17.0822348700735
497,2,14.3228314949844
497,3,8.4803852826673
497,4,7.09334182740204
497,5,4.92383486168988
497,6,4.77484149473055
498,1,15.083709920608
498,2,10.9936844162181
498,3,11.2523616765553
498,4,9.67380157864224
498,5,6.85085873228858
498,6,8.40250975327191
499,1,14.0651115149179
499,2,10.8838177767597
499,3,7.74493297569835
499,4,8.10231168938447
499,5,7.42324975572074
499,6,8.86786878188103
500,1,14.4096455763556
500,2,9.71382151833971
500,3,5.79163977225404
500,4,3.53196687221773
500,5,1.96043219380355
500,6,-1.36288360266361
