"","stupid","bad","people","condition","birth"
"1",40.3050821293389,19.9132041235507,1,"red pill","Mexico"
"2",34.6571859364194,16.6548905804703,3,"red pill","Mexico"
"3",38.5464827789002,18.5663549728013,4,"red pill","Mexico"
"4",44.5412462580741,22.9881686852356,5,"red pill","Mexico"
"5",37.8180301369589,19.5949880692064,6,"red pill","Mexico"
"6",40.2813971200716,21.9876235242834,7,"red pill","Mexico"
"7",47.4198696024076,24.1345574735719,8,"red pill","Mexico"
"8",45.6783726120371,23.4611389897893,9,"red pill","Mexico"
"9",39.2760107430622,18.7683743511562,10,"red pill","Mexico"
"10",41.7524048996053,20.2877321784577,11,"red pill","Mexico"
"11",37.5339948150456,17.9210464646176,12,"red pill","Mexico"
"12",40.3899805950679,19.2126225066673,13,"red pill","Mexico"
"13",32.8495240323196,15.9705667072645,14,"red pill","Mexico"
"14",47.5468669474924,23.052325136541,15,"red pill","Mexico"
"15",44.5360178842517,22.9929988548927,16,"red pill","Mexico"
"16",36.3160275005531,17.5872705426772,17,"red pill","Mexico"
"17",39.7182624175054,18.8453737683098,18,"red pill","Mexico"
"18",47.8223679785403,22.8621258704768,19,"red pill","Mexico"
"19",39.7510372027319,19.2776460591539,20,"red pill","Mexico"
"20",47.8875300836814,23.1609732929024,21,"red pill","Mexico"
"21",48.3224715673126,23.5881581106017,22,"red pill","Mexico"
"22",44.1610658356454,21.5067900746307,23,"red pill","Mexico"
"23",35.4330037199794,19.0242816632909,24,"red pill","Mexico"
"24",43.0539902193481,21.5350444689375,25,"red pill","Mexico"
"25",35.9119016149919,18.7206209021161,26,"red pill","Mexico"
"26",42.5893071161095,21.0479674574885,27,"red pill","Mexico"
"27",40.5985424746775,19.9927770263602,28,"red pill","Mexico"
"28",36.1480485152616,16.3293692294399,29,"red pill","Mexico"
"29",40.6592200867411,21.2696507847611,30,"red pill","Mexico"
"30",44.4678489083694,21.5759789414746,31,"red pill","Mexico"
"31",33.2032748227941,16.4516520206269,32,"red pill","Mexico"
"32",32.4471139577674,17.4543474252709,33,"red pill","Mexico"
"33",41.7811238083641,19.3344403744882,34,"red pill","Mexico"
"34",34.2734507069953,16.7479045272335,35,"red pill","Mexico"
"35",46.7975882167588,24.5861852565282,36,"red pill","Mexico"
"36",38.4041620900098,18.1445881346889,37,"red pill","Mexico"
"37",36.0248897821383,16.8942638439856,38,"red pill","Mexico"
"38",41.5362668724695,21.8035445914008,39,"red pill","Mexico"
"39",36.9939009472646,19.5763734950445,40,"red pill","Mexico"
"40",39.802345322372,20.0307273302917,41,"red pill","Mexico"
"41",46.8122463729456,22.7687533354674,42,"red pill","Mexico"
"42",40.7330472937869,20.603979565941,43,"red pill","Mexico"
"43",34.9267599633996,19.0380637194987,44,"red pill","Mexico"
"44",32.3441142777868,15.9844458723455,45,"red pill","Mexico"
"45",44.0785543641525,20.4940946205448,46,"red pill","Mexico"
"46",50.8443541377573,23.8161514545519,47,"red pill","Mexico"
"47",42.0818609356082,20.0772456276159,48,"red pill","Mexico"
"48",40.6694634438028,19.0432594263179,49,"red pill","Mexico"
"49",37.846941659862,18.494867162701,50,"red pill","Mexico"
"50",40.2187149659759,18.6371535585208,51,"red pill","Mexico"
"51",36.4488132183925,18.4830991777454,52,"red pill","Mexico"
"52",38.6795358211584,19.884084841189,53,"red pill","Mexico"
"53",38.8413240966692,20.2511196024201,54,"red pill","Mexico"
"54",27.3150016568131,15.1558481083615,55,"red pill","Mexico"
"55",37.2837878868265,18.7096457340451,56,"red pill","Mexico"
"56",45.7029888033031,24.3860025314562,57,"red pill","Mexico"
"57",42.2048857992922,22.2285017474031,58,"red pill","Mexico"
"58",37.2823854955452,18.4446917326381,59,"red pill","Mexico"
"59",28.659093627301,15.9505282639217,60,"red pill","Mexico"
"60",36.4891160350599,18.0437021117442,61,"red pill","Mexico"
"61",41.0519043619303,20.7727213868357,62,"red pill","Mexico"
"62",31.4708722927402,15.1833095214975,63,"red pill","Mexico"
"63",41.8885735381474,20.7535607452641,64,"red pill","Mexico"
"64",40.2756448697958,18.3580699459332,65,"red pill","Mexico"
"65",40.2536529839729,20.774209368412,66,"red pill","Mexico"
"66",31.0350290842402,15.072168898325,67,"red pill","Mexico"
"67",49.3027277118082,26.0365252494874,68,"red pill","Mexico"
"68",44.049960277866,22.8212507900539,69,"red pill","Mexico"
"69",36.535016593337,17.9732737141535,70,"red pill","Mexico"
"70",45.1791251630759,20.502648819424,71,"red pill","Mexico"
"71",51.1086383972377,24.7153649577347,72,"red pill","Mexico"
"72",40.8775476798905,20.7832299194015,73,"red pill","Mexico"
"73",38.8038192866538,15.8955092537618,74,"red pill","Mexico"
"74",38.1648495829289,21.5204843111235,75,"red pill","Mexico"
"75",34.1338069658997,17.0289727750486,76,"red pill","Mexico"
"76",42.349815639458,21.4514208264349,77,"red pill","Mexico"
"77",48.4243534761036,25.2444232830609,78,"red pill","Mexico"
"78",48.9904366951938,24.586564741064,79,"red pill","Mexico"
"79",45.5277642905529,22.6737666681079,80,"red pill","Mexico"
"80",40.8198932804281,19.2649367600638,81,"red pill","Mexico"
"81",36.4709129866382,18.0982386167326,82,"red pill","Mexico"
"82",40.8841553233336,19.6417006285808,83,"red pill","Mexico"
"83",32.6923334088212,13.7638133392793,84,"red pill","Mexico"
"84",38.0261298292443,19.5018891495632,85,"red pill","Mexico"
"85",41.1487465393776,18.745267505926,86,"red pill","Mexico"
"86",35.7177684937355,16.7116701952967,87,"red pill","Mexico"
"87",37.1626587469271,17.1978218232878,88,"red pill","Mexico"
"88",33.8151237534718,17.8170094562328,89,"red pill","Mexico"
"89",48.4471907156649,24.6628624347265,90,"red pill","Mexico"
"90",43.30987486996,20.5154805569453,91,"red pill","Mexico"
"91",35.9294662608127,19.0424867167563,92,"red pill","Mexico"
"92",45.245880243965,23.2270085541979,93,"red pill","Mexico"
"93",39.2852893243136,21.0834006732171,94,"red pill","Mexico"
"94",35.2119638282189,17.7570430321256,95,"red pill","Mexico"
"95",39.8607003694529,21.1150669924961,96,"red pill","Mexico"
"96",47.3881134703901,23.747011997409,97,"red pill","Mexico"
"97",40.4736060635761,22.3087949003786,98,"red pill","Mexico"
"98",55.1740592201184,25.9896430829197,99,"red pill","Mexico"
"99",40.4008159655322,20.8906419754821,100,"red pill",NA
"100",29.4728024273595,14.5817238415859,101,"red pill","US"
"101",40.6185195083893,21.1405217768694,102,"red pill","US"
"102",39.2993100662116,18.7855977957429,103,"red pill","US"
"103",50.8518218899832,24.9322342063733,104,"red pill","US"
"104",34.3045331543584,16.8933704707751,105,"red pill","US"
"105",35.5182562565272,16.1383202757279,106,"red pill","US"
"106",34.0871071557051,17.4601393206918,107,"red pill","US"
"107",36.015090684589,19.3511727680625,108,"red pill","US"
"108",30.2218559799498,17.1920299732826,109,"red pill","US"
"109",39.6013970312776,18.7546237664527,110,"red pill","US"
"110",45.0617272087964,22.8008498771233,111,"red pill","US"
"111",35.1468187876525,15.8120232986098,112,"red pill","US"
"112",41.6237822401848,19.8918379398993,113,"red pill","US"
"113",37.0410713407927,18.9567509450595,114,"red pill","US"
"114",46.0704676802333,22.1309120536783,115,"red pill","US"
"115",37.9609079889677,18.5926691952145,116,"red pill","US"
"116",39.2934328978825,18.694864105442,117,"red pill","US"
"117",39.0222204452329,19.0466351336011,118,"red pill","US"
"118",37.9445690890124,22.4213535940273,119,"red pill","US"
"119",38.9983542409157,19.4441253255567,120,"red pill","US"
"120",42.9534212229514,20.7279955903566,121,"red pill","US"
"121",35.9974350023609,19.0509538253372,122,"red pill","US"
"122",37.4827699136102,17.8060903883496,123,"red pill","US"
"123",37.8878614160994,18.9978099405676,124,"red pill","US"
"124",42.2110846358649,20.1442384440692,125,"red pill","US"
"125",41.1405549268214,20.7971121269309,126,"red pill","US"
"126",43.155476362209,21.1462021887577,127,"red pill","US"
"127",32.9989524981052,16.4526073298721,128,"red pill","US"
"128",39.2754378275085,19.2470685276616,129,"red pill","US"
"129",34.2979190594835,18.3500378310189,130,"red pill","US"
"130",44.1003413932779,20.460979322651,131,"red pill","US"
"131",45.2674211911094,21.3138910353307,132,"red pill","US"
"132",46.0845280071254,23.010367647954,133,"red pill","US"
"133",39.210499120951,17.0588210015457,134,"red pill","US"
"134",38.0246684675436,18.849064666701,135,"red pill","US"
"135",43.4494590294537,22.9185614677119,136,"red pill","US"
"136",45.8648072669802,23.5648530663432,137,"red pill","US"
"137",46.0546930283758,22.2330265170842,138,"red pill","US"
"138",37.1381697692996,17.5917903365317,139,"red pill","US"
"139",41.5883587253751,21.6866845682562,140,"red pill","US"
"140",32.6707812191328,15.4293186924161,141,"red pill","US"
"141",40.972690775199,21.8602914252269,142,"red pill","US"
"142",41.6416857619933,20.4429533030791,143,"red pill","US"
"143",45.2204310072782,22.4775518370192,144,"red pill","US"
"144",36.6702912124323,16.9948061879262,145,"red pill","US"
"145",35.114681602434,17.6164789150871,146,"red pill","US"
"146",32.5920656791318,13.795524703002,147,"red pill","US"
"147",37.8448054100445,20.4015071644663,148,"red pill","US"
"148",40.7078829654673,18.5188326159517,149,"red pill","US"
"149",34.8002488032715,18.8168317315657,150,"red pill","US"
"150",47.0880288226094,23.5643769647465,151,"red pill","US"
"151",40.8464328996412,20.9522336011905,152,"red pill","US"
"152",32.6047549306504,17.8247628086151,153,"red pill","US"
"153",52.8885611786665,27.457890854541,154,"red pill","US"
"154",29.055023679031,13.6749247411538,155,"red pill","US"
"155",40.2602024938568,21.3618260655657,156,"red pill","US"
"156",41.6760568522211,22.4287252449142,157,"red pill","US"
"157",46.4548952534658,22.4076854245903,158,"red pill","US"
"158",39.8974224302371,21.4544428415086,159,"red pill","US"
"159",46.1819175335751,23.5188395825914,160,"red pill","US"
"160",34.7440030481758,15.8695809054513,161,"red pill","US"
"161",41.164222861578,21.3240415891804,162,"red pill","US"
"162",33.8615199789274,16.3769548380924,163,"red pill","US"
"163",44.9835896098604,21.8308632778074,164,"red pill","US"
"164",36.2055646307787,17.9800200313202,165,"red pill","US"
"165",52.894939235943,24.4131275542959,166,"red pill","US"
"166",35.0546851760578,17.4454547919963,167,"red pill","US"
"167",29.5345167105191,16.4383267312576,168,"red pill","US"
"168",51.8802138035065,28.0532569643912,169,"red pill","US"
"169",46.8667135981123,23.1478672468357,170,"red pill","US"
"170",46.0088608280557,24.1348428332184,171,"red pill","US"
"171",37.9763018608374,19.8662813651071,172,"red pill","US"
"172",43.3134346990529,21.4127307890973,173,"red pill","US"
"173",45.5501012757635,22.9972847534593,174,"red pill","US"
"174",40.5328681893338,19.5616334385753,175,"red pill","US"
"175",33.7577527653095,17.0446282430572,176,"red pill","US"
"176",51.2380268985093,25.2802238932767,177,"red pill","US"
"177",22.8252897501714,12.0912572010802,178,"red pill","US"
"178",45.3385977739621,23.0577205800984,179,"red pill","US"
"179",41.7791747181988,20.9026639508144,180,"red pill","US"
"180",38.4053111215385,20.65372329823,181,"red pill","US"
"181",42.0888220585739,22.4666690758449,182,"red pill","US"
"182",36.6501315968204,17.7609661970415,183,"red pill","US"
"183",32.996802020983,16.3986381017756,184,"red pill","US"
"184",40.2644344180674,20.6074091922079,185,"red pill","US"
"185",41.3788587650105,19.4351509876286,186,"red pill","US"
"186",34.8092245638251,17.6753525945931,187,"red pill","US"
"187",39.8453091258527,20.0009488768162,188,"red pill","US"
"188",33.3544223862289,16.8041446671249,189,"red pill","US"
"189",29.9389853331136,15.0998586215081,190,"red pill","US"
"190",44.9534325397058,22.5327281928685,191,"red pill","US"
"191",46.7031852498563,23.3687053248928,192,"red pill","US"
"192",40.776222613486,22.5156122573057,193,"red pill","US"
"193",38.5755050524659,18.1205763821051,194,"red pill","US"
"194",39.1045380602069,19.9161119153529,195,"red pill","US"
"195",38.2606135192307,18.0395804406345,196,"red pill","US"
"196",40.810545562337,19.04758073873,197,"red pill","US"
"197",40.420512735813,19.4171788134022,198,"red pill","US"
"198",37.2519966642483,19.9685308103757,199,"red pill","US"
"199",44.8231749534196,23.7403231822345,200,"red pill",NA
"200",49.6616405364607,24.881187463245,201,"red pill",NA
"201",40.5079342528988,19.8021193646234,202,"red pill","Brazil"
"202",37.6122243519595,19.7469578773942,203,"red pill","Brazil"
"203",47.6602273212194,23.5419309827877,204,"red pill","Brazil"
"204",46.7830493723297,23.5824990171801,205,"red pill","Brazil"
"205",35.7157485063564,17.7936620697305,206,"red pill","Brazil"
"206",35.118845875094,18.7894058547059,207,"red pill","Brazil"
"207",41.8820516500815,21.3360106954735,208,"red pill","Brazil"
"208",36.1006450345604,17.296565094907,209,"red pill","Brazil"
"209",42.6946663424049,22.3117315072699,210,"red pill","Brazil"
"210",34.3233546393608,14.6762257678935,211,"red pill","Brazil"
"211",45.6278933134391,23.878205271346,212,"red pill","Brazil"
"212",47.4278356098621,24.2116647274906,213,"red pill","Brazil"
"213",31.6290407063447,15.6712820406776,214,"red pill","Brazil"
"214",37.6402658365115,16.616820774698,215,"red pill","Brazil"
"215",32.7939538956865,16.9640887825153,216,"red pill","Brazil"
"216",43.6331222219958,22.8869217608035,217,"red pill","Brazil"
"217",41.1258265217972,19.6358015233066,218,"red pill","Brazil"
"218",38.494716784257,18.3880356319163,219,"red pill","Brazil"
"219",32.7841900408739,18.8498589759263,220,"red pill","Brazil"
"220",48.8238941224184,23.8583080112742,221,"red pill","Brazil"
"221",40.5841936615868,20.0259497792365,222,"red pill","Brazil"
"222",43.0941701220463,20.5731222835115,223,"red pill","Brazil"
"223",31.1234435173093,12.7424760936595,224,"red pill","Brazil"
"224",43.2319006580013,21.4221518298552,225,"red pill","Brazil"
"225",37.1208426544845,19.8321395234336,226,"red pill","Brazil"
"226",38.5466821195609,19.2684341514547,227,"red pill","Brazil"
"227",39.0405338363044,19.2932544583461,228,"red pill","Brazil"
"228",38.4492164790372,19.9075955867766,229,"red pill","Brazil"
"229",37.8557752569036,18.2925438389049,230,"red pill","Brazil"
"230",47.4766193363507,22.8175863512076,231,"red pill","Brazil"
"231",48.7593070058439,23.3187108524847,232,"red pill","Brazil"
"232",41.8411188068758,20.5569637577874,233,"red pill","Brazil"
"233",37.9493281400637,18.9028521638486,234,"red pill","Brazil"
"234",37.0943183931474,19.2569757764269,235,"red pill","Brazil"
"235",37.0323593425354,17.5933096724158,236,"red pill","Brazil"
"236",48.275370368342,25.7043375655432,237,"red pill","Brazil"
"237",39.845637064613,20.4737063490418,238,"red pill","Brazil"
"238",30.7497552728486,15.2303060741333,239,"red pill","Brazil"
"239",36.1968189384676,16.5563761787455,240,"red pill","Brazil"
"240",49.4936139794563,23.2230332244351,241,"red pill","Brazil"
"241",35.2960723821532,17.4942613733602,242,"red pill","Brazil"
"242",39.6436434951484,20.0110520966897,243,"red pill","Brazil"
"243",46.1813693299391,22.7882828531747,244,"red pill","Brazil"
"244",32.8825213990129,14.3666432571281,245,"red pill","Brazil"
"245",44.5804019991354,23.2725541169986,246,"red pill","Brazil"
"246",43.1074293724658,22.3973536506912,247,"red pill","Brazil"
"247",35.49840145716,17.3739179588252,248,"red pill","Brazil"
"248",40.8231485328305,18.8154934659222,249,"red pill","Brazil"
"249",43.0185790818969,21.8914200384684,250,"red pill","Brazil"
"250",49.3835576671778,25.3534806648346,251,"red pill","Brazil"
"251",42.5739988272229,21.866918515432,252,"red pill","Brazil"
"252",39.4454523627546,21.5096499670215,253,"red pill","Brazil"
"253",47.0657128071042,24.1479067043442,254,"red pill","Brazil"
"254",38.0879469955722,18.4834826290636,255,"red pill","Brazil"
"255",39.6594643019253,19.6369223354978,256,"red pill","Brazil"
"256",42.5266451228179,22.6648194619986,257,"red pill","Brazil"
"257",39.5153078616652,19.870711604539,258,"red pill","Brazil"
"258",43.2581780263303,20.6119939537468,259,"red pill","Brazil"
"259",35.4947403083783,16.2504940264359,260,"red pill","Brazil"
"260",32.8668585123539,14.9360610763272,261,"red pill","Brazil"
"261",33.2299141842392,16.1800805000955,262,"red pill","Brazil"
"262",50.3899370094299,24.1750463641843,263,"red pill","Brazil"
"263",38.4809197432344,18.7180817299364,264,"red pill","Brazil"
"264",40.0366132778486,19.8913481437611,265,"red pill","Brazil"
"265",40.1735144260392,20.1627627865675,266,"red pill","Brazil"
"266",45.6764471650862,22.662045264711,267,"red pill","Brazil"
"267",47.6407147125457,24.5823922482526,268,"red pill","Brazil"
"268",40.1748680215639,21.2589183944355,269,"red pill","Brazil"
"269",36.7471554304177,16.9279064136282,270,"red pill","Brazil"
"270",39.3549122007463,19.67960776286,271,"red pill","Brazil"
"271",35.5096960253184,17.8288198696203,272,"red pill","Brazil"
"272",44.8627436011089,21.5013942067441,273,"red pill","Brazil"
"273",46.3930090592349,23.0818976788026,274,"red pill","Brazil"
"274",48.8344623230462,24.7118437747019,275,"red pill","Brazil"
"275",38.1713310500962,17.2970100749069,276,"red pill","Brazil"
"276",43.1015768375476,23.7236578686458,277,"red pill","Brazil"
"277",38.5855902641194,19.005190446336,278,"red pill","Brazil"
"278",38.6947504424993,19.0603733367863,279,"red pill","Brazil"
"279",45.4248099774565,22.7726355980966,280,"red pill","Brazil"
"280",42.2887894787339,19.9960989861587,281,"red pill","Brazil"
"281",52.2257169904029,25.598268020484,282,"red pill","Brazil"
"282",41.8726591205255,21.3791548237532,283,"red pill","Brazil"
"283",27.8289098080138,12.2439429225977,284,"red pill","Brazil"
"284",43.5972352771333,21.3998836157571,285,"red pill","Brazil"
"285",42.3659674675779,21.9749774895585,286,"red pill","Brazil"
"286",37.5828618429154,18.7069081103157,287,"red pill","Brazil"
"287",34.5084416255358,16.2790496127442,288,"red pill","Brazil"
"288",42.3521814814631,21.104248878552,289,"red pill","Brazil"
"289",50.2578768591996,24.9073999679989,290,"red pill","Brazil"
"290",37.2664906567963,17.422187107059,291,"red pill","Brazil"
"291",47.536638551214,22.8184368908353,292,"red pill","Brazil"
"292",39.8285050661113,19.1809689607895,293,"red pill","Brazil"
"293",42.7930647731828,22.0552113970121,294,"red pill","Brazil"
"294",28.7403470140476,13.9041689875064,295,"red pill","Brazil"
"295",35.2676576790386,17.8659688602018,296,"red pill","Brazil"
"296",38.3256312366792,19.9824137300959,297,"red pill","Brazil"
"297",31.4633896580146,15.2591403551537,298,"red pill","Brazil"
"298",41.7528818085946,22.2639460965095,299,"red pill","Brazil"
"299",41.0855598800688,19.57059007681,300,"red pill","Brazil"
"300",38.2737530430962,19.1209418157711,301,"blue pill","Brazil"
"301",39.3683708708103,18.1850860402142,302,"blue pill","Brazil"
"302",40.9229962593227,19.8810037094293,303,"blue pill","Brazil"
"303",38.5593411755254,19.0412089185941,304,"blue pill","Brazil"
"304",46.5712399034176,23.7959579170061,305,"blue pill","Brazil"
"305",37.8899904613816,20.4698005191686,306,"blue pill","Brazil"
"306",40.8398993622259,21.9526375159066,307,"blue pill","Brazil"
"307",42.8210626865051,21.0654438619806,308,"blue pill","Brazil"
"308",38.6334987807237,21.0673163173256,309,"blue pill","Brazil"
"309",37.0111505954521,18.7240459728953,310,"blue pill","Brazil"
"310",37.5287178538545,18.7823998074657,311,"blue pill","Brazil"
"311",39.466843552001,21.4359316520743,312,"blue pill","Brazil"
"312",42.4595835131597,21.6419835650545,313,"blue pill","Brazil"
"313",44.153073494404,22.2802703684189,314,"blue pill","Brazil"
"314",40.9565972680164,18.9689232549543,315,"blue pill","Brazil"
"315",35.5928229490244,18.6039807694555,316,"blue pill","Brazil"
"316",39.7752864091823,20.5022437669968,317,"blue pill","Brazil"
"317",40.6192597495958,20.103334944744,318,"blue pill","Brazil"
"318",37.1259680708361,18.8614296237428,319,"blue pill","Brazil"
"319",40.998796373809,21.0804522682143,320,"blue pill","Brazil"
"320",39.533568112807,18.758500061052,321,"blue pill","Brazil"
"321",33.7787128913615,16.3359140631308,322,"blue pill","Brazil"
"322",39.3660938373158,21.9627612655766,323,"blue pill","Brazil"
"323",38.0463447751731,17.6598576718728,324,"blue pill","Brazil"
"324",30.2629299281875,14.9253933336156,325,"blue pill","Brazil"
"325",38.2731570522183,18.6878286306883,326,"blue pill","Brazil"
"326",40.7950740215575,18.1753420568561,327,"blue pill","Brazil"
"327",40.0915237825111,19.734413481474,328,"blue pill","Brazil"
"328",39.9981680462769,18.9182288701378,329,"blue pill","Brazil"
"329",30.8637803515129,14.310141790028,330,"blue pill","Brazil"
"330",38.8423473322232,19.9850693642359,331,"blue pill","Brazil"
"331",41.3438096870976,20.7343907625773,332,"blue pill","Brazil"
"332",35.856239818045,18.5833802873593,333,"blue pill","Brazil"
"333",44.7417041427571,21.3255714665993,334,"blue pill","Brazil"
"334",26.987499263005,11.2022194432363,335,"blue pill","Brazil"
"335",36.9340370967906,15.5692076289205,336,"blue pill","Brazil"
"336",37.6336499848816,19.3315306984958,337,"blue pill","Brazil"
"337",37.9768021951526,19.760663528135,338,"blue pill","Brazil"
"338",45.4972803948549,22.5469814202091,339,"blue pill","Brazil"
"339",40.5279145760275,18.6601994170383,340,"blue pill","Brazil"
"340",38.2152483721495,18.2715392956667,341,"blue pill","Brazil"
"341",36.731611148386,18.4605533617313,342,"blue pill","Brazil"
"342",39.7272504605142,19.8450313804856,343,"blue pill","Brazil"
"343",42.5963161769179,20.7702565049631,344,"blue pill","Brazil"
"344",46.5164889642504,21.8856726389082,345,"blue pill","Brazil"
"345",38.1279152483813,18.3274751753155,346,"blue pill","Brazil"
"346",27.7813747089407,14.517463666085,347,"blue pill","Brazil"
"347",37.7625958002092,18.870732178972,348,"blue pill","Brazil"
"348",33.9204636256541,16.0946482874894,349,"blue pill","Brazil"
"349",42.4711915118725,20.2308465884431,350,"blue pill","Brazil"
"350",43.7733268920651,22.9043273382333,351,"blue pill","Brazil"
"351",41.2882402540274,22.3463510642461,352,"blue pill","Brazil"
"352",37.2955874092668,17.7538297448,353,"blue pill","Brazil"
"353",46.6010887831124,23.7689504395434,354,"blue pill","Brazil"
"354",35.1811954584432,17.8419460677521,355,"blue pill","Brazil"
"355",43.7353124261638,20.0653877046684,356,"blue pill","Brazil"
"356",47.3451752044135,25.8175308406905,357,"blue pill","Brazil"
"357",30.9356622793921,16.1772532704963,358,"blue pill","Brazil"
"358",40.6313427027888,19.7406029085582,359,"blue pill","Brazil"
"359",40.3124520962856,19.6527249552738,360,"blue pill","Brazil"
"360",28.4029667070735,13.8938167738414,361,"blue pill","Brazil"
"361",35.3377706582874,18.4503066847194,362,"blue pill","Brazil"
"362",42.1818722460648,22.8142554415687,363,"blue pill","Brazil"
"363",31.0795798729922,14.4523611791044,364,"blue pill","Brazil"
"364",44.3750513436748,22.3506124750236,365,"blue pill","Brazil"
"365",43.3419218738853,21.5277902798192,366,"blue pill","Brazil"
"366",29.3488597994497,13.3546754113364,367,"blue pill","Brazil"
"367",49.5989505704717,23.3414725880972,368,"blue pill","Brazil"
"368",42.998030396419,22.193095353678,369,"blue pill","Brazil"
"369",47.7995404654976,23.368554744661,370,"blue pill","Brazil"
"370",44.1996012049689,21.7066417401944,371,"blue pill","Brazil"
"371",48.0356373165466,26.3169804171703,372,"blue pill","Brazil"
"372",34.2565195132568,19.7276002836718,373,"blue pill","Brazil"
"373",51.3080943690459,24.073230013926,374,"blue pill","Brazil"
"374",38.9737777586996,19.2441189631378,375,"blue pill","Brazil"
"375",40.474709594771,20.8080210659303,376,"blue pill","Brazil"
"376",35.4147033120588,17.0315229543246,377,"blue pill","Brazil"
"377",37.1505545594764,17.7782525395643,378,"blue pill","Brazil"
"378",41.9333618027843,22.7916726657047,379,"blue pill","Brazil"
"379",37.9469848683456,19.9206389370204,380,"blue pill","Brazil"
"380",33.7864383887553,16.7315181239005,381,"blue pill","Brazil"
"381",43.8543617548344,21.9178856709515,382,"blue pill","Brazil"
"382",39.7772784431454,19.2806562885647,383,"blue pill","Brazil"
"383",34.0097463975406,18.18572546132,384,"blue pill","Brazil"
"384",33.4674675591442,16.6918082298383,385,"blue pill","Brazil"
"385",41.9751433210076,20.5794486965115,386,"blue pill","Brazil"
"386",38.8563160227908,18.9617781136459,387,"blue pill","Brazil"
"387",41.0328520134761,21.5122891379224,388,"blue pill","Brazil"
"388",43.8068931843771,22.4423997845637,389,"blue pill","Brazil"
"389",41.968649622679,20.4204867463218,390,"blue pill","Brazil"
"390",38.7157509999897,18.3796291027517,391,"blue pill","Brazil"
"391",35.5377347975756,16.9615948626554,392,"blue pill","Brazil"
"392",39.5213582801246,19.6424569351606,393,"blue pill","Brazil"
"393",38.5466623804426,18.7795372842076,394,"blue pill","Brazil"
"394",39.3019131938384,18.4135224751061,395,"blue pill","Brazil"
"395",41.9977143468991,20.506811927471,396,"blue pill","Brazil"
"396",57.0447390363971,28.8815907621336,397,"blue pill","Brazil"
"397",47.3425000951254,23.5036870434269,398,"blue pill","Brazil"
"398",43.1871766989763,21.6449682569053,399,"blue pill","Brazil"
"399",41.0845038518397,20.9897480167414,400,"blue pill","Brazil"
"400",43.2103129588422,20.931983439132,401,"blue pill","Brazil"
"401",36.183378863661,18.00886896553,402,"blue pill","Brazil"
"402",50.2372517403116,25.7448988938277,403,"blue pill","Brazil"
"403",42.7063497796975,20.8663512364999,404,"blue pill","Brazil"
"404",36.7530743030525,18.177990378885,405,"blue pill","Brazil"
"405",35.9320955189372,18.946639844381,406,"blue pill","Brazil"
"406",38.8795436337172,20.1056261065335,407,"blue pill","Brazil"
"407",31.7235735474003,15.8892332556022,408,"blue pill","Brazil"
"408",29.4643923804026,13.5993428815027,409,"blue pill","Brazil"
"409",36.6339396459219,18.3719879825624,410,"blue pill","Brazil"
"410",36.4978599453307,17.640601701839,411,"blue pill","Brazil"
"411",46.9482732148535,22.9795164161556,412,"blue pill","Brazil"
"412",41.9595714296356,20.5141588917797,413,"blue pill","Brazil"
"413",44.7319341212016,22.2633200442645,414,"blue pill","Brazil"
"414",37.877462593069,18.348219640362,415,"blue pill","Brazil"
"415",42.3522664055571,21.4194103023824,416,"blue pill","Brazil"
"416",42.9648175211909,21.1128052513319,417,"blue pill","Brazil"
"417",40.6508486662584,20.5756461355627,418,"blue pill","Brazil"
"418",36.7427036833488,17.9716540107459,419,"blue pill","Brazil"
"419",34.8197734776316,16.7406120366125,420,"blue pill","Brazil"
"420",50.7181530547488,25.8404275953907,421,"blue pill","Brazil"
"421",45.6569055313297,23.7343238997859,422,"blue pill","Brazil"
"422",30.4644144656858,16.5700455655773,423,"blue pill","Brazil"
"423",37.143967520429,18.6147393097802,424,"blue pill","Brazil"
"424",52.7227449461895,27.0168101024013,425,"blue pill","Brazil"
"425",49.7378232893369,25.4645383217907,426,"blue pill","Brazil"
"426",38.6646211195326,20.0144488847818,427,"blue pill","Brazil"
"427",38.4223088487118,18.5124834960654,428,"blue pill","Brazil"
"428",32.5214406010694,14.9934001355672,429,"blue pill","Brazil"
"429",36.7065736250446,18.8762200366027,430,"blue pill","Brazil"
"430",50.3398738749522,24.8409218850778,431,"blue pill","Brazil"
"431",46.6097328508229,24.0403219059666,432,"blue pill","Brazil"
"432",32.8349908293909,16.695054260481,433,"blue pill","Brazil"
"433",36.6058443106459,17.3598998882058,434,"blue pill","Brazil"
"434",37.3575064614589,17.8240873973567,435,"blue pill","Brazil"
"435",40.3440896211408,20.346591557608,436,"blue pill","Brazil"
"436",42.6837465767786,21.0860153760865,437,"blue pill","Brazil"
"437",32.1455523129969,17.0961475307302,438,"blue pill","Brazil"
"438",40.2198937026063,21.2841459143667,439,"blue pill","Brazil"
"439",32.841831643961,16.7596174581904,440,"blue pill","Brazil"
"440",38.8765129609134,21.4708748464968,441,"blue pill","Brazil"
"441",34.3689402733586,15.3802804351442,442,"blue pill","Brazil"
"442",45.7253530014656,22.7780182248771,443,"blue pill","Brazil"
"443",38.6583220110487,19.9604473890358,444,"blue pill","Brazil"
"444",43.96663077034,20.8373951861886,445,"blue pill","Brazil"
"445",34.4298461671542,17.1270989266459,446,"blue pill","Brazil"
"446",45.3412027499289,22.2448113358063,447,"blue pill","Brazil"
"447",37.4145444901338,17.5419040360687,448,"blue pill","Brazil"
"448",35.8052618076094,17.4267738258531,449,"blue pill","Brazil"
"449",41.4071633740698,19.1906070795796,450,"blue pill","Brazil"
